x,y,token,color
9.626308018468539,-10.372418878734239,(CRC).,blue
-11.584000607290582,5.266919591060523,1-acylglycerol-3-phosphate-O-acyltransferase,blue
9.354952465739544,-10.376322624158663,15-LOX-2,blue
-12.689577995676853,-14.463549868814173,1L1,blue
8.862333045102895,-10.542972167245697,20q13-amplified,blue
-10.765499079808391,-8.847962963762198,3-encoded,blue
10.101442115471128,-10.28633304714419,5-LOXAP,blue
-10.805860341634595,-8.982018546074162,5-encoded,blue
-10.522551641289457,5.616598615068635,5q14.3q15,blue
-10.674654368276252,-9.063007307303678,6-encoded,blue
-10.30062211332071,4.427694592168579,A2BP1,blue
8.48197097027048,-9.385206596924773,ABCB5,blue
8.492941552197989,-9.350994115672627,ABCF2,blue
8.312410512345311,-9.321947992227148,ABCG-2,blue
7.950939915537616,-8.976978012264937,ACP6,blue
7.950939915537616,-8.976978012264937,ACP6,blue
-11.375599329599638,-14.241067786613304,ACR1,blue
-11.503363559212133,-14.782342428065213,ACT1,blue
-11.062920193195126,6.94202700402155,ACTA1,blue
-10.73049662725922,7.122148679092865,ACTA2,blue
-10.640335602190792,7.206943717080374,ACTC,blue
-11.075548857606368,4.8970874503998285,ACTN4,blue
-10.350116450201078,5.2300080932089505,ACVR1,blue
7.228780842249112,-8.44837251034309,ACVR2B,blue
7.228780842249112,-8.44837251034309,ACVR2B,blue
-10.93574760038557,6.222276623871256,ACVRL1,blue
-10.93574760038557,6.222276623871256,ACVRL1,blue
8.917893964483564,-10.214846766862278,ADAM23,blue
9.577021328165504,-10.969080308890204,ADAM28,blue
7.462242434152174,-8.803415779831202,ADAMTS16,blue
7.462242434152174,-8.803415779831202,ADAMTS16,blue
8.080515413592781,-9.28953643830032,ADAMTS8,blue
-11.598090943450542,5.3711852290732365,ADAMTSL2,blue
-9.778725231321337,-9.414089347775327,ADK1,blue
10.141342329581489,-11.048283803209591,AEG-1,blue
-11.932048543253746,4.6589879131472545,AFG3L2,blue
-11.800086553561776,5.701529399655874,AGPAT2,blue
9.839518565054432,-10.414398093300045,AGR2,blue
-11.401069556766524,5.682440714540985,AHI1,blue
8.275307515173825,-7.455373744268615,AKT1,blue
8.315073071338416,-7.448515835696109,AKT2,blue
8.272592066241417,-7.488942478036713,AKT3,blue
8.272592066241417,-7.488942478036713,AKT3,blue
-9.702534416490757,-9.036758625185469,ALDH3B1,blue
7.041248808893603,-7.782915535897954,ANGPT4,blue
7.041248808893603,-7.782915535897954,ANGPT4,blue
9.134949847767983,-10.08104548536215,ANGPTL2,blue
-11.167223649849207,6.7037807616361675,ANKH,blue
-10.981457442239147,4.462620476194309,ANKRD1,blue
-10.063504864649564,5.0198054574854005,ANKRD11,blue
7.055383355114115,-9.008434747884612,ANLN,blue
7.055383355114115,-9.008434747884612,ANLN,blue
8.102915113320595,-8.323835446851579,ANPEP,blue
8.102915113320595,-8.323835446851579,ANPEP,blue
-11.264116713556023,4.617592787510692,ANTXR2,blue
8.925935955122677,-9.933572437295043,ANX7,blue
9.330293842908118,-10.056803692039004,ANXA10,blue
8.26717064545472,-9.171009657464106,ANXA10S,blue
8.26717064545472,-9.171009657464106,ANXA10S,blue
9.956159674254405,-10.158654797026704,ANXA2,blue
9.749735861566776,-10.278574358045166,ANXA3,blue
9.973738629538891,-10.10546596604831,ANXA5,blue
8.014103862529002,-7.279360101543229,APAF1,blue
-10.945958373970145,-9.323155808815235,APBA2,blue
6.8411978957014234,-7.844763717048066,API5,blue
-10.840283144101495,-9.521569537638493,ARHGAP10,blue
-10.92541012051424,-9.548705818817046,ARHGAP12,blue
7.082161676746286,-8.290923397014259,ARHGAP5,blue
7.082161676746286,-8.290923397014259,ARHGAP5,blue
-10.372868323050387,4.990828430117869,ARID1B,blue
-11.591696708410936,5.631782828771135,ARIX,blue
-11.441531205472604,-15.388637093247642,ARK3,blue
-11.812184298461903,5.196680013125319,ARL13B,blue
7.08504691807116,-8.392855916232973,ARPC1B,blue
7.08504691807116,-8.392855916232973,ARPC1B,blue
-11.282777827405134,6.0546253871615265,ARX,blue
7.156588431237614,-8.363767917260907,ATF7IP,blue
7.156588431237614,-8.363767917260907,ATF7IP,blue
-10.66743687750652,5.720823530580634,ATOH7,blue
8.673538365703235,-8.66699004017346,ATP4A,blue
8.673538365703235,-8.66699004017346,ATP4A,blue
-10.88783577403361,4.860203969523272,ATRX,blue
-9.698500470432872,7.8389663572007375,ATTR,blue
-10.323675622184416,5.8066839442191505,AUTS2,blue
-11.83293825560005,5.849744436122545,AVP-NPII,blue
-12.298143625365578,-14.461986836073496,Acph-1,blue
-10.191468646806147,-8.863507700783755,Aie1,blue
-10.580706525242151,7.333433823130952,Arg403Gln,blue
-9.83155824179283,7.848686864364653,Asp18Glu,blue
-10.606350072367816,-9.533563598803735,At14a,blue
-10.183353752301722,-8.921614955097292,AtNUC-L1,blue
-10.044317878469842,-9.97974601113557,AtPPT1,blue
-11.710825235474825,-14.346957582207384,Atp8,blue
-10.030613567723243,-9.980389733666982,Aurora-A/STK15/BTAK,blue
-11.520643370917755,-15.542724352528124,AvrP4,blue
6.699755478037183,-8.380881231729562,BAK-1,blue
9.629480750736228,-10.610887451747333,BATF2,blue
9.746132255305112,-10.857492248546517,BCAR1,blue
7.8417411080277155,-7.470206295369688,BCL2A1,blue
8.238760007956678,-7.2783167178665975,BCL2L1,blue
9.705912312446511,-10.524301306933717,BCL2L12,blue
7.711754388776586,-7.659312927815921,BCL2L2,blue
7.711754388776586,-7.659312927815921,BCL2L2,blue
-10.38201526760005,4.694306057988522,BCOR,blue
-11.125720528238945,-8.606702549543662,BENE,blue
7.715464307091778,-9.158964465907744,BEX1,blue
7.715464307091778,-9.158964465907744,BEX1,blue
8.557619845481417,-9.433327164076948,BIN1,blue
7.845711081456259,-7.5626257932136625,BIRC2,blue
7.845711081456259,-7.5626257932136625,BIRC2,blue
7.772496151786839,-7.44815966930068,BIRC3,blue
7.485958894649684,-7.471236700268728,BIRC4,blue
9.919759134650143,-10.061256957396573,BLCA-4,blue
9.66817410767063,-10.143549013301918,BM-AFP,blue
9.777439471225774,-11.182158999761477,BMI-1,blue
9.70257943430722,-11.232918679478649,BMI1,blue
7.837973844935583,-8.352175217889533,BMPR-1B,blue
7.837973844935583,-8.352175217889533,BMPR-1B,blue
-10.232603619062315,5.724796419146088,BMPR2,blue
9.352782581191828,-11.066109299058404,BRD7,blue
9.85466537118089,-10.461678170077649,BRMS1,blue
-11.918174023964568,5.9909699111882695,BSCL2,blue
7.979900895260539,-9.075903024077025,BTAK,blue
7.979900895260539,-9.075903024077025,BTAK,blue
9.07073529985885,-10.817398295092818,BTG2,blue
8.68270239155945,-9.153640676973408,BTG4,blue
8.68270239155945,-9.153640676973408,BTG4,blue
9.704197571858462,-10.135162562162792,Beta2-AR,blue
9.715168839289841,-11.097891969516107,Bmi-1,blue
9.587604501587938,-11.449325932039152,Bmi1,blue
7.878226798103155,-8.514534151835015,C-MYB,blue
7.878226798103155,-8.514534151835015,C-MYB,blue
-11.589187584703664,5.115998048844874,C1NH,blue
7.799005122104885,-9.307039307432659,C8orf4,blue
-10.237960225657865,6.122855146220325,CACN1A4,blue
-10.237960225657865,6.122855146220325,CACN1A4,blue
-11.965520514611127,5.812318019956913,CACNA1,blue
-9.937153759139692,6.29027294956694,CACNA2D1,blue
-11.530560323116354,7.60616128065579,CACNB4,blue
-10.378069898162808,4.787464903099326,CACNG2,blue
-11.528816820532361,8.093255742274286,CACNL1A3,blue
9.921974134257217,-10.016172408425689,CADM4,blue
6.991758319946047,-7.6680264254653085,CALB1,blue
6.991758319946047,-7.6680264254653085,CALB1,blue
-9.643507136029918,-8.46221602043564,CAP2,blue
-11.488420123384953,6.32478673812248,CAPN3,blue
-11.488420123384953,6.32478673812248,CAPN3,blue
7.080979725363673,-8.004746693456191,CAPN5,blue
7.080979725363673,-8.004746693456191,CAPN5,blue
7.640957188095637,-7.432123244171902,CASPASE-8,blue
10.031058106132209,-10.687524272943481,CAV1,blue
-11.193287890805577,5.053497123118488,CBLB,blue
7.287417814544392,-8.481435140972017,CBX2,blue
7.287417814544392,-8.481435140972017,CBX2,blue
9.517207402830355,-10.98458093209684,CBX7,blue
-11.81769940422398,5.56353751400279,CC2D2A,blue
-10.920659030303687,5.31344418561099,CCM1,blue
-10.910503596834184,5.245412194378217,CCM2,blue
-10.855521777105677,5.2186931280536095,CCM3,blue
8.511744358554978,-7.369038421766834,CCNA2,blue
8.696047585001748,-7.223603470698526,CCNB2,blue
8.313740196328018,-7.2442647107294444,CCNG1,blue
8.446458065258046,-7.360300247312631,CCNH,blue
7.034702548566857,-7.741112334218846,CCNI,blue
7.034702548566857,-7.741112334218846,CCNI,blue
8.406998164500942,-7.5267320193782705,CD79B,blue
8.406998164500942,-7.5267320193782705,CD79B,blue
7.794585061273553,-7.873763533189036,CDCA8,blue
7.794585061273553,-7.873763533189036,CDCA8,blue
9.924896358977689,-9.98532935388972,CDH17,blue
7.854077365540915,-8.472775909553905,CDH2,red
7.854077365540915,-8.472775909553905,CDH2,red
8.561256265191075,-8.811598169978387,CDH4,blue
8.561256265191075,-8.811598169978387,CDH4,blue
7.648544327923926,-8.124080849663283,CDH5,blue
7.648544327923926,-8.124080849663283,CDH5,blue
7.132653901652769,-8.147459397233238,CDH6,blue
7.132653901652769,-8.147459397233238,CDH6,blue
7.883975061683966,-9.359937626037967,CDK10,blue
-11.29763153822918,5.834091912816404,CDKL5,blue
8.449207400613616,-7.295576560655855,CDKN1,blue
9.872457151994126,-10.603818935517488,CDKN1C/p57,blue
8.324801495958738,-7.36786867016687,CDKN3,blue
-10.357365928948983,6.617935885993933,CDSN,blue
10.063286006210774,-10.397765099635501,CEACAM-1,blue
-9.664692947227094,-8.682423947641729,CENPB,blue
-9.830764719881907,-8.59686116611806,CENPC,blue
-11.091732175689579,5.729299557082241,CHD7,blue
-10.924987492895797,7.076632656550568,CHRNA1,blue
-10.948357361354686,6.990302853890033,CHRND,blue
-10.950482405584387,6.983085528503965,CHRNG,blue
-10.493727723254713,5.7308787732576665,CHX10,blue
9.77261554844498,-11.376358654957441,CIAPIN1,blue
-9.296268731228214,-8.828778385695939,CIB2,blue
-9.302601321589512,-8.764831562684758,CIB3,blue
9.627451411222738,-10.674892709104853,CIP2A,blue
7.828554746236153,-8.258508537858528,CKS1,blue
7.828554746236153,-8.258508537858528,CKS1,blue
8.245826836448808,-7.774433432625417,CKS2,blue
8.245826836448808,-7.774433432625417,CKS2,blue
8.711748857890443,-10.44828344026055,CL2/CCDC80,blue
9.424963477952486,-10.228808194599498,CLDN-7,blue
8.529585832234405,-8.390517769811874,CLDN10,blue
8.529585832234405,-8.390517769811874,CLDN10,blue
8.04306461336869,-7.87852624704476,CLDN12,blue
8.04306461336869,-7.87852624704476,CLDN12,blue
-11.938013356078843,5.276917930995613,CLDN14,blue
8.653521555585105,-8.876379866739214,CLDN18,blue
8.653521555585105,-8.876379866739214,CLDN18,blue
8.623992009736384,-8.288758897279456,CLDN2,blue
8.623992009736384,-8.288758897279456,CLDN2,blue
8.52769491638569,-8.479034352304788,CLDN5,blue
8.52769491638569,-8.479034352304788,CLDN5,blue
8.757771869418413,-8.427799379212527,CLDN7,blue
8.1975354592168,-7.832460408371776,CLDN8,blue
8.1975354592168,-7.832460408371776,CLDN8,blue
10.345852659807566,-10.104544818766419,CLLU1,blue
-12.048547118661933,-14.304691231065377,CMS-associated,blue
-9.967054703428618,-8.772373980194144,CNNM4,blue
6.73505986539584,-7.507094776306822,CNTN6,blue
-10.440428814100484,5.990275644487365,CNTNAP2,blue
-9.813066583576749,8.07497992238215,CNVs,blue
-10.293479083986629,7.168166018654667,COL10A1,blue
-10.514688593856581,7.097717933375309,COL11A1,blue
-10.445471122319478,7.084595831271876,COL11A2,blue
6.942612008762219,-7.356937202971081,COL16A1,blue
-11.495850746535417,6.771927815877438,COL17A1,blue
-10.233792528995581,7.24943147362336,COL1A1,blue
-10.248402683797798,7.2463645011694755,COL1A2,blue
-10.368565009715326,7.163198759245983,COL2A1,blue
-10.37409619380142,7.201403193246714,COL3A1,blue
-10.554483517908798,7.113598359111669,COL4A1,red
-11.394713219256133,6.907460511299854,COL4A3,blue
-11.43932370792145,6.922484485577797,COL4A4,blue
-11.395791398824404,6.885855209778457,COL4A5,blue
-10.220850033094257,7.243263965788511,COL4A6,blue
-10.344882392989911,7.222669482078341,COL5A1,blue
-10.342760299455701,7.1890086909455855,COL5A2,blue
-10.19531785276162,7.1778676357278846,COL5A3,blue
-10.528445761112577,7.144030688439314,COL6A1,blue
-10.576617411303989,7.118290196619123,COL6A2,blue
-10.5335131204817,7.130557185633055,COL6A3,blue
-11.464240112801125,6.813269490744229,COL7A1,blue
-11.440900053280256,6.630309536615497,COL8A2,blue
-10.47288278384947,7.126319099922772,COL9A1,blue
-10.549803251186649,7.108688682618137,COL9A2,blue
-10.523383085441694,7.106174480181087,COL9A3,blue
-10.293291908784406,7.12068876346832,COLIA2,blue
7.173326326545988,-7.9235513988514255,COX7B,blue
7.173326326545988,-7.9235513988514255,COX7B,blue
-10.344608340535148,-9.365264154130802,CPG16,blue
8.581331564418061,-10.217592498577137,CPNE3,blue
-12.592530569046207,-14.55264222942868,CPSGs,blue
7.303472288797895,-9.295385796690384,CRABP2,blue
6.921223285562072,-8.015175390959588,CRIP1,blue
6.921223285562072,-8.015175390959588,CRIP1,blue
8.557444567641099,-8.997337830996246,CRISP3,blue
8.557444567641099,-8.997337830996246,CRISP3,blue
-11.66415642003387,4.863420043927066,CRLF1,blue
-11.741791791126758,6.311768409778184,CRYAA,blue
-11.231621868142083,4.997331043722656,CRYAB,blue
-11.240372138380136,5.7094966261604965,CRYBA1,blue
-11.357644959616362,6.211977443867249,CRYBA1/A3,blue
-11.357644959616362,6.211977443867249,CRYBA1/A3,blue
-11.109767995499144,6.527137637047014,CRYBA4,blue
-11.329589583354167,6.445962135025209,CRYBB1,blue
-11.355888053589826,6.336958884421098,CRYBB2,blue
-11.355888053589826,6.336958884421098,CRYBB2,blue
-11.19604764335057,6.616519511542596,CRYBB3,blue
-11.262053454788676,6.820474598329284,CRYGB,blue
-11.485965529234873,6.6942029416602535,CRYGC,blue
-11.83688671157563,6.2116293241413,CRYGD,blue
-11.445371029135334,6.400350126005533,CRYGS,blue
-11.445371029135334,6.400350126005533,CRYGS,blue
9.68722490908874,-9.963453777104968,CSE1L,blue
8.601662162505972,-8.197293994055496,CSPG2,blue
8.601662162505972,-8.197293994055496,CSPG2,blue
-10.512639406018566,6.982500086961904,CSRP3,blue
-10.53858453124832,-10.146802590431331,CST1,blue
8.800561029567897,-10.7453534154389,CTHRC1,blue
-11.086851304846439,-8.624903791435806,CTLA8,blue
6.854299468899337,-7.999466676056663,CTNNA2,blue
6.854299468899337,-7.999466676056663,CTNNA2,blue
6.867050678072704,-7.337851119307941,CTNNBIP1,blue
7.898131025517566,-8.936060515315265,CTNND1,blue
7.898131025517566,-8.936060515315265,CTNND1,blue
7.51480327917904,-9.235928522712884,CTSL2,blue
-10.875671255854078,5.857813300539191,CYBB,blue
-11.65659544451969,6.420887540253042,CYP21A2,blue
-11.57315280445136,6.399323413051056,CYP21B,blue
6.963634567545915,-8.811074098710092,CYP4Z1,blue
6.963634567545915,-8.811074098710092,CYP4Z1,blue
9.465943215355605,-10.38995709383563,Cap43,blue
-10.186361426561408,-9.795115076778794,ChrA,blue
8.598872643200345,-7.438411145669145,Cks2,blue
9.977741116008927,-10.054269432232733,Claudin-7,blue
-10.08394492922164,-10.113221227553304,ClpB/Hsp100,blue
-10.334344657093022,7.241638242720309,Cx31,blue
-10.067615958523813,7.328387387253112,Cx32,blue
-9.868253289832253,7.369673992315612,Cx36,blue
-10.906220275835402,4.6951520844707835,Cylindromatosis,blue
-9.751145048897685,7.867983676852006,D18G,blue
6.984916996927753,-9.321454157398959,DAB2,blue
8.85019498687008,-10.448971341707598,DAB2IP,blue
9.582062358148983,-10.636246544542255,DBC1,blue
8.595933869637236,-10.101621282953698,DBC2,blue
-9.48220331770295,-9.190475886567258,DBI/EP/ACBP,blue
-10.118510293528043,5.129551213463938,DCLRE1C,blue
8.337607014569146,-7.447871881146451,DDIT3,blue
7.012641124946049,-7.7380901580297445,DDIT4,blue
7.012641124946049,-7.7380901580297445,DDIT4,blue
7.369112440070243,-7.250199023796031,DFFA,blue
-10.872372200055795,5.266908275560066,DFNA5,blue
-10.9416513882095,-10.141747637140346,DGK2,blue
-11.7813134051876,4.701678691707545,DHCR7,blue
8.136567650222558,-8.195161193467477,DIDO1,blue
8.136567650222558,-8.195161193467477,DIDO1,blue
-10.790047853821553,5.217500395067751,DIP2C,blue
-11.507324196094608,5.671269262018478,DKC1,blue
10.476115590706591,-10.658999818728837,DKK4,blue
-11.073643827586212,-8.98456328058977,DLAD,blue
9.465218536856078,-10.502458490369362,DLC1,blue
-10.234180410216485,-9.294445203112398,DLG2,red
-10.760737830369168,-9.716831944415258,DLG3,blue
-10.762390049566084,5.216713607663839,DLL3,blue
-10.468477763666757,5.757771107310056,DNASE1L3,blue
9.108004941911188,-10.282058599382456,DNMT3B3,blue
7.65475539188845,-9.400470878252657,DOK1,blue
7.765106671792707,-9.366267366192904,DOK2,blue
7.084341785537226,-8.183360634021419,DRAM1,blue
7.084341785537226,-8.183360634021419,DRAM1,blue
-10.159377457483611,6.8329578062942575,DSC2,blue
-9.914589508783168,6.838441379570555,DSC3,blue
-10.166271915872347,6.563251031676098,DSG1,blue
-10.343020283225927,6.840310715166482,DSG2,blue
-9.922118733991908,6.782233973974125,DSG3,blue
-10.978693454640444,5.873927863886476,DSG4,blue
-9.490523093701736,-9.183234774502184,DTM1,blue
7.8770392433579275,-8.005187333157975,DUSP1,blue
7.8770392433579275,-8.005187333157975,DUSP1,blue
7.043687345382923,-8.459768824669542,DUSP4,blue
7.043687345382923,-8.459768824669542,DUSP4,blue
8.202624295850304,-7.972191484529303,DUSP6,blue
8.202624295850304,-7.972191484529303,DUSP6,blue
7.5923420262936085,-8.134656219727285,DVL1,blue
7.5923420262936085,-8.134656219727285,DVL1,blue
6.955153987892036,-7.899424766379264,DVL2,blue
6.955153987892036,-7.899424766379264,DVL2,blue
-11.915939903310434,4.679522180035513,DXS1357E,blue
-11.175255396243351,5.0846793811853335,DYM,blue
6.869011489665714,-7.718310614863103,DYNLRB2,blue
6.869011489665714,-7.718310614863103,DYNLRB2,blue
-10.354923604522378,-9.910259663698536,Darmin,blue
-10.266442643647776,-8.593183042379751,DeltaNp53,blue
10.265592635981122,-10.08204497840091,DeltaNp63,blue
9.319922791267196,-10.634258371236974,Dkk-3,blue
8.603108438784389,-11.69776587044806,Dkk3,blue
8.893981002327275,-11.24492925244843,Drg-1,blue
-10.711944454711169,-10.18306424775117,Dsg1-beta,blue
8.82314119923979,-10.039306293555947,Dysadherin,blue
-10.77271727265597,5.985614150800762,E318K,blue
9.03114049219831,-10.667926415520313,EBAG9,blue
-11.891389410304066,4.748954520625988,ECGF1,blue
9.507399168626126,-10.518191353567598,ECRG4,blue
-11.71316429781112,4.8675558737747995,EDA1,blue
-11.191586183198755,4.588233516732297,EDAR,blue
-11.396773423071645,4.7206098442840325,EDARADD,blue
-11.325187436199299,5.6437993551288,EDN-3,blue
-10.371867787682183,4.989726221266277,EFEMP1,blue
-11.580871441673494,4.445013276575222,EFEMP2,blue
-11.356047671411442,5.6030838738510775,EFHC1,blue
7.283953805856333,-7.911119205358577,EFHD1,blue
7.283953805856333,-7.911119205358577,EFHD1,blue
7.365517576030104,-8.631569504670026,EFNA1,blue
7.365517576030104,-8.631569504670026,EFNA1,blue
7.227480001459495,-8.260715908938831,EFNA3,blue
7.227480001459495,-8.260715908938831,EFNA3,blue
7.426896958460511,-8.355754692204712,EFNA5,blue
7.426896958460511,-8.355754692204712,EFNA5,blue
-10.476428282238686,5.665117047828546,EFNB1,blue
7.286407808606851,-7.760060830814136,EGLN2,blue
7.286407808606851,-7.760060830814136,EGLN2,blue
-10.208674172485637,5.663845553145753,EGR2,blue
8.72111683113222,-8.7575134826997,EGR3,blue
8.74074185148038,-8.63548655632441,EGR4,blue
7.0784663786079305,-8.385168875181432,EIF4E,blue
7.0784663786079305,-8.385168875181432,EIF4E,blue
6.78801956034831,-7.612555127180405,EIF4EBP1,blue
-10.230235673993173,5.896085073025058,EKN1,blue
-10.826753085165555,-10.169416972912856,ELMOD2,blue
-10.595151835351517,7.162449588544156,ELN,blue
9.871350875073349,-10.067605083892014,EPAS-1/HIF-2alpha,blue
8.236672668350327,-8.793193529038598,EPB41L3,blue
8.236672668350327,-8.793193529038598,EPB41L3,blue
8.211487163386357,-7.972221183964701,EPHA2,blue
8.211487163386357,-7.972221183964701,EPHA2,blue
7.698600046167435,-8.12856612850537,EPHB3,blue
7.698600046167435,-8.12856612850537,EPHB3,blue
7.494816901476981,-8.801651079748655,EPHB4,blue
7.494816901476981,-8.801651079748655,EPHB4,blue
7.606751125293959,-9.418084221186517,EPS8,blue
10.108311929231858,-10.111545061336193,ESCC.,blue
9.507457231145555,-10.117391719978375,ESM-1,blue
-10.17525145340403,4.62041765704873,EVX2,blue
-11.067322110406183,6.336773357843767,EXT1,blue
-11.067322110406183,6.336773357843767,EXT1,blue
-11.120733834719028,6.394844577767296,EXT2,blue
-11.120733834719028,6.394844577767296,EXT2,blue
-11.296030470782362,5.69854579313485,EYA1,blue
7.777945840758518,-8.408304541080733,EYA2,blue
7.777945840758518,-8.408304541080733,EYA2,blue
-10.93777412981084,5.250973823567001,EYA4,blue
9.812709730720963,-11.082810248665181,EZH2,blue
8.82075195958304,-11.064527609531938,Efp,blue
9.088380918033074,-11.115274438304375,Ehm2,blue
-9.995301457159966,4.617850375641982,Ela2,blue
-11.745988083075787,-15.048641559652587,Est6,blue
-10.992189261269928,6.233979991292702,FBN2,blue
-10.992189261269928,6.233979991292702,FBN2,blue
-10.48980095333925,5.381176414008213,FBN3,blue
7.793024209408394,-8.646688817299895,FBXO31,blue
7.793024209408394,-8.646688817299895,FBXO31,blue
6.899778334066649,-8.62991911553597,FBXO32,blue
6.899778334066649,-8.62991911553597,FBXO32,blue
-11.244620416550706,4.654064602383926,FGD1,blue
7.325860627333049,-8.378301016299563,FGF5,blue
7.325860627333049,-8.378301016299563,FGF5,blue
-10.824690879030026,4.892681328010322,FHL1,blue
-10.812730976414663,5.301418038060745,FKBP6,blue
-11.413983588518802,6.639799432497539,FKHL7,blue
-11.708906279851487,5.7157266795777675,FKRP,blue
-10.437254780057511,5.6665476479977865,FLCN,blue
-11.91530724288499,5.756776170240394,FLNA,blue
-11.847273823703297,5.939539256783958,FLNB,blue
-11.016109998417567,6.229515614782237,FLNC,blue
-11.016109998417567,6.229515614782237,FLNC,blue
7.48079841611209,-9.449402798983458,FLOT1,blue
6.714760735453835,-8.372567175169186,FOSB,blue
-9.98555811939441,5.470439104388821,FOXC1,blue
-10.032243063299852,5.516667192491644,FOXC2,blue
-10.047833020486534,5.533570625865875,FOXE1,blue
-11.200365606443382,5.600052614331804,FOXE3,blue
8.491668535157356,-8.775221403990294,FOXF1,blue
8.491668535157356,-8.775221403990294,FOXF1,blue
7.908904776782626,-8.866379299649816,FOXF2,blue
7.908904776782626,-8.866379299649816,FOXF2,blue
-11.337139096397445,5.8058800396560475,FOXG1,blue
7.947560073326714,-8.656947384637206,FOXL1,blue
7.947560073326714,-8.656947384637206,FOXL1,blue
-10.044329198730452,5.517206121214555,FOXL2,blue
8.73563834084401,-11.89204167340838,FOXM1,blue
-10.403400937819146,5.874416332891599,FOXP2,blue
8.858582193737774,-11.588046946484791,FOXQ1,blue
-11.052667648387267,-8.753485537240149,FRAG1,blue
7.902782045158368,-7.549911332663171,FRAP1,blue
7.902782045158368,-7.549911332663171,FRAP1,blue
-11.3986790992267,5.710743340058539,FRAS1,blue
-11.64418663825336,5.0275427140473266,FREM1,blue
-11.256724893836635,5.646339664774701,FREM2,blue
8.707717013054031,-9.348458871657758,FSCN1,blue
-9.97294144385797,4.738793044758914,FTL,blue
-11.518327302789208,4.997064395205351,FTSJ1,blue
7.190678865336984,-8.376803363863317,FZD1,blue
7.190678865336984,-8.376803363863317,FZD1,blue
7.346607480995477,-8.57499534744551,FZD10,blue
7.346607480995477,-8.57499534744551,FZD10,blue
7.165736607528601,-8.309338718433972,FZD2,blue
7.165736607528601,-8.309338718433972,FZD2,blue
-11.394019516713191,5.618457236208954,FZD4,blue
7.236658136999128,-8.391460477183262,FZD5,blue
7.236658136999128,-8.391460477183262,FZD5,blue
7.270474304157057,-8.343030929049538,FZD6,blue
7.270474304157057,-8.343030929049538,FZD6,blue
7.35211194400149,-8.826108945314642,FZD7,blue
7.35211194400149,-8.826108945314642,FZD7,blue
7.276486765865827,-8.384970941330197,FZD8,blue
7.276486765865827,-8.384970941330197,FZD8,blue
7.390423432688275,-8.402764079817086,FZD9,blue
7.390423432688275,-8.402764079817086,FZD9,blue
-10.667535688384742,-8.38050022907515,FcRH5,blue
-9.240152280403867,-8.426847895351631,Frizzled-3,blue
-11.731768907651647,5.408228484788073,Fukutin,blue
9.204622777686286,-9.996209833842258,G-gamma,blue
-10.133265520508992,6.183399641350836,G82R,blue
-10.133265520508992,6.183399641350836,G82R,blue
-10.859691822053966,6.865762068304448,GABRD,blue
6.975155642335768,-7.824913273239547,GADD45g,blue
6.975155642335768,-7.824913273239547,GADD45g,blue
8.844324722238333,-8.969607831462028,GAS7,blue
8.153804269172392,-8.646841802311256,GASC1,blue
8.153804269172392,-8.646841802311256,GASC1,blue
-10.999889294552565,4.451019318890446,GATAD2B,blue
-11.774078441887795,5.195463763608765,GCH-I,blue
-10.559813007119613,7.179815037165288,GCK,blue
-11.647803258059318,4.909892379260865,GCK/MODY2,blue
7.329827612919857,-8.526171246170058,GDF10,blue
7.329827612919857,-8.526171246170058,GDF10,blue
-11.826607794578543,6.2686622104628125,GH-1,blue
-9.90966913848758,6.120896377010683,GHRHR,blue
-11.002196506266895,6.901342563795705,GJA1,blue
-11.967265388168467,5.858929262424831,GJA3,blue
9.828194335418099,-11.461931919905203,GKN1,blue
-10.196350230810406,5.518781035721326,GLI3,blue
8.568783270943445,-10.443785851799106,GLTSCR2,blue
8.519012329407666,-8.106323282958503,GNAI2,blue
8.519012329407666,-8.106323282958503,GNAI2,blue
-11.166311548493013,6.371509642070629,GNAS,blue
-11.166311548493013,6.371509642070629,GNAS,blue
-11.297753321705216,6.45392175119172,GNAS1,blue
7.590405553349233,-7.938302011895459,GNL3,blue
7.590405553349233,-7.938302011895459,GNL3,blue
-11.956393595727183,4.477104123920828,GNPTA,blue
-9.891215190385752,6.128451867834937,GNRHR,blue
7.608765233048053,-9.152054357530133,GOLPH2,blue
7.608765233048053,-9.152054357530133,GOLPH2,blue
-10.351566205899248,5.493284407719644,GPC6,blue
7.274282921101263,-7.853319747616029,GPR160,blue
7.274282921101263,-7.853319747616029,GPR160,blue
-11.011795285786233,-9.640616059137422,GR-LACS,blue
8.314892852543307,-8.398572905681688,GREM1,blue
8.314892852543307,-8.398572905681688,GREM1,blue
8.927661691243598,-10.785835776058365,GRIM-19,blue
-10.417668607270459,5.252718557126839,GRIN3B,blue
7.16534001037199,-8.60988400668152,GSDML,blue
7.16534001037199,-8.60988400668152,GSDML,blue
-10.085464897970821,-9.488253069596686,GTPBP3,blue
7.749603283843834,-7.438195603610764,GTSE1,blue
-10.984436161537745,5.962334048042075,GUCA1A,blue
-10.789308073749247,6.018574423836279,GUCA1B,blue
-9.77279477431966,-9.422017054756427,GUK1,blue
-11.914926911470848,4.521141897269618,GYS2,blue
-10.174626166464373,-8.413346773369973,Gal-T2,blue
-11.950910658766231,-14.31930593886222,GhERF4,blue
-10.666388295020585,-10.0997277545779,Gna11,blue
-10.635234690556976,-10.147839896839837,Gnaq,blue
-11.530847116630403,4.527381778913798,Gng3lg,blue
9.941996678448799,-9.90265311475524,HAb18G,blue
9.42937098568929,-10.814380165169942,HAb18G/CD147,blue
8.602910568533419,-10.616559251466295,HDPR1,blue
-12.653814570147196,-14.315852977121764,HEL1,blue
7.1375958533390955,-9.297980471429499,HELLS,blue
-12.68635627662603,-14.506687966745536,HELO1,blue
-10.214832992058415,4.591327547544434,HEPACAM,blue
-11.254137235340888,6.469206715068843,HHT1,blue
9.717587887407614,-10.059362018914243,HIF-2alpha/EPAS1,blue
8.917852711040151,-10.194679083921303,HIP/PAP,blue
9.851455117018393,-9.994998776306328,HIWI,blue
-10.707577422178963,5.714400541337295,HLXB9,blue
10.40381046766083,-10.579467333229973,HMGA1,blue
10.52674248002509,-10.289427197564915,HMGA2,blue
9.52127430570887,-10.989880652216248,HMGB3,blue
7.139295636098384,-8.681175227411597,HMMR,blue
7.139295636098384,-8.681175227411597,HMMR,blue
-11.510209125605343,4.697864525450723,HNF-1alpha/MODY3,blue
-10.600626850552613,7.1659345684685745,HNF1A,blue
-10.914712356720216,6.131868874160636,HNF1B,blue
-10.914712356720216,6.131868874160636,HNF1B,blue
-10.492449267925275,7.179304910221016,HNF4A,blue
8.810326322898488,-8.639586842230003,HOXA1,blue
8.652993993993558,-11.763631494276478,HOXA11,blue
8.547746816940188,-8.665406744682125,HOXA13,blue
8.547746816940188,-8.665406744682125,HOXA13,blue
7.968454115001239,-8.642304595486921,HOXA2,blue
7.968454115001239,-8.642304595486921,HOXA2,blue
8.586668316620834,-11.747691873943252,HOXA5,blue
8.927947569640152,-11.363269390588853,HOXB7,blue
8.71591055731583,-11.66243825364279,HOXB9,blue
6.87590081123968,-9.179585867394167,HOXD1,blue
6.87590081123968,-9.179585867394167,HOXD1,blue
8.595391576356457,-8.351515143780142,HOXD10,blue
8.595391576356457,-8.351515143780142,HOXD10,blue
8.505146745384685,-8.433766538833334,HOXD11,blue
8.505146745384685,-8.433766538833334,HOXD11,blue
8.404074829006712,-8.362350963420784,HOXD12,blue
8.404074829006712,-8.362350963420784,HOXD12,blue
-10.903109878987044,5.772715941775158,HOXD13,blue
8.708662389829144,-11.624490804059517,HOXD3,blue
-10.018072503720525,4.890900462150019,HPE,blue
8.973316710916828,-10.561537897503005,HPSE-1,blue
-10.545029862854182,5.873897692794446,HPSE2,blue
8.541025033224358,-8.486157290743758,HRASLS,blue
8.541025033224358,-8.486157290743758,HRASLS,blue
-10.152029652894797,5.74287536481446,HRPT2,blue
-10.011424356298976,7.57087960379132,HSCR-associated,blue
-10.503041292771107,5.428581056599757,HSF4,blue
-10.166983793297721,-10.204609967665286,HSPA4L,blue
7.166832660747631,-7.366779363967434,HSPCA,blue
6.88210248554015,-7.6590953106302315,HSPCB,blue
6.88210248554015,-7.6590953106302315,HSPCB,blue
7.282952974659169,-8.22292357843198,HTATIP2,blue
7.282952974659169,-8.22292357843198,HTATIP2,blue
-11.290336974355775,-14.241185884921656,HTS1,blue
8.147961024567154,-7.2559770828194745,HUGL-1,blue
9.155053402587935,-11.305802967730772,Hath1,blue
-10.522612177241028,-9.771592211628871,Hmgi,blue
8.524855031254452,-7.951414692219727,IER3,blue
8.524855031254452,-7.951414692219727,IER3,blue
9.82395987058484,-11.308148961992739,IFITM1,blue
7.157892499989153,-7.673357856340333,IFITM2,blue
7.157892499989153,-7.673357856340333,IFITM2,blue
9.593795303173069,-11.380946380513949,IFITM3,blue
6.71691684208264,-7.343060560681417,IFNT2,blue
-10.285797537667866,-8.439426008734635,IFRX,blue
-10.143950441843721,6.099639280052662,IGFALS,blue
9.980895879585644,-10.532654628393779,IGFBP7,blue
-11.532639600056108,5.42018346215056,IGHMBP2,blue
-9.487295004768617,-9.299734379489948,IGLV8,blue
-11.77463823593813,4.926031341992154,IKBA,blue
7.293079420467312,-7.439170582419635,IKBKE,blue
-11.51358484375824,5.481263343914163,IKBKG,blue
-10.913900069986289,5.492979353522612,IL1RAPL1,blue
-10.463908151169527,4.878745785010589,ILT6,blue
-10.260983609098622,5.365732390086303,IMMP2L,blue
-11.364566717185731,7.007225644328721,IMPDH1,blue
-11.048552836868046,7.344739945477586,IMPDH2,blue
-11.518027387590525,4.973552946923785,IMPG1,blue
-11.106465242661058,-9.732944018294496,INDOL1,blue
8.151158980612713,-9.238471894781794,ING1b,blue
9.434418094036818,-10.378982864576114,ING3,blue
9.540676774059252,-10.77384902883053,ING4,blue
7.5973528454663315,-7.665264362066577,INHBE,blue
7.5973528454663315,-7.665264362066577,INHBE,blue
8.34274348994381,-7.341421051969814,INK4c,blue
-11.924199775717035,5.14847203420081,INPP5E,blue
-10.665383724659462,6.052291872554325,INPPL1,blue
-10.3076493315543,5.662231197594798,IRF6,blue
7.529523796067437,-8.45040895479229,IRX1,blue
7.529523796067437,-8.45040895479229,IRX1,blue
7.233660459445177,-8.339238852291903,IRX3,blue
7.233660459445177,-8.339238852291903,IRX3,blue
7.211754780381588,-8.256131259768042,IRX6,blue
7.211754780381588,-8.256131259768042,IRX6,blue
6.9278589567242,-7.851217022613619,ITGA1,blue
6.9278589567242,-7.851217022613619,ITGA1,blue
7.451387341816495,-7.50795074689693,ITGA3,blue
7.451387341816495,-7.50795074689693,ITGA3,blue
8.382478556179564,-8.113617657926449,ITGA4,blue
8.382478556179564,-8.113617657926449,ITGA4,blue
7.464094795310992,-7.948606080686026,ITGA5,blue
7.464094795310992,-7.948606080686026,ITGA5,blue
7.449268857141233,-7.5650125834361654,ITGA6,blue
7.449268857141233,-7.5650125834361654,ITGA6,blue
6.89779226549612,-7.858684265442995,ITGA7,blue
6.89779226549612,-7.858684265442995,ITGA7,blue
8.694642578438081,-8.189595945655391,ITGA9,blue
8.694642578438081,-8.189595945655391,ITGA9,blue
7.769044860677758,-7.832904689542235,ITGAV,blue
7.769044860677758,-7.832904689542235,ITGAV,blue
7.478390688526365,-7.806155237857624,ITGB1,blue
7.478390688526365,-7.806155237857624,ITGB1,blue
7.4530042092177595,-7.404581657236553,ITGB4,blue
7.168147952645345,-7.231489387921334,ITGB5,blue
6.813138628995672,-7.296796994348144,ITGB7,blue
-11.611907592164318,4.798233040480271,ITPR1,blue
9.431994334556492,-11.016491303944125,Id-1,blue
-10.316655201751612,-9.70278970487128,Ifi-200,blue
-9.86542397466302,7.871197165456974,Ile122,blue
-11.165374005519922,-10.285459388642533,Inppl1,blue
-10.002720952905884,5.326941585700747,JAG1,blue
8.287204841014699,-7.481451986698649,JUNB,blue
8.287204841014699,-7.481451986698649,JUNB,blue
6.978835294677527,-8.221326464834025,JUND,blue
6.978835294677527,-8.221326464834025,JUND,blue
-10.58115164844334,6.833346456299515,JUP,blue
8.712527868044672,-11.051054099790889,KAI-1/CD82,blue
-11.561498967033971,5.931836728721966,KAL-1,blue
-11.581525221548853,6.246242930528502,KAL1,blue
-11.31469906514969,7.812629432295333,KCNE1L,blue
8.73784650247127,-8.371631122156012,KCNH5,blue
-11.538043538125217,7.943336315099758,KCNJ13,blue
-10.803811497075328,4.654507984869568,KDM5C,blue
-10.474432423505052,-9.25558784831257,KHDRBS2,blue
7.057234655470769,-8.872211948512843,KHDRBS3,blue
7.057234655470769,-8.872211948512843,KHDRBS3,blue
-10.301115301259415,5.556517078984972,KIAA0319/TTRAP/THEM2,blue
-11.106339805223334,4.660279665288305,KIAA2022,blue
9.845701910766126,-10.012078387133421,KIF14,blue
-11.07377761581091,4.673256939681362,KIF1B,blue
7.382699760223838,-8.743337128567449,KIF23,blue
7.382699760223838,-8.743337128567449,KIF23,blue
-11.234983685367188,4.544629983273675,KIF5A,blue
-11.81342726951172,4.94354385578182,KIF7,blue
9.637115581383853,-10.75887721361128,KISS1,blue
9.21243916502749,-11.22998723503736,KITENIN,blue
8.587545191157805,-10.789561694111047,KLF6-SV1,blue
9.74145848960541,-10.18372177719709,KNSL4,blue
9.235700835879491,-10.070776980989747,KNSL6,blue
9.731552723411825,-10.345814370649885,KPNA2,blue
-9.716083979418231,-9.505603200644408,KREPB3,blue
-11.05938247130656,5.342220321362078,KRIT1,blue
-11.450672610177273,6.345916571220121,KRT1,blue
-11.450672610177273,6.345916571220121,KRT1,blue
-11.530970506914805,6.414984762406322,KRT10,blue
-11.530970506914805,6.414984762406322,KRT10,blue
-11.680355513599697,6.262344671709482,KRT12,blue
-11.31718713795614,6.680390918087401,KRT14,blue
7.526325427392828,-8.51014174246625,KRT15,blue
7.526325427392828,-8.51014174246625,KRT15,blue
-11.22847478344563,6.93940144257322,KRT16,blue
-10.95226377317439,7.052183491140172,KRT17,blue
8.452328031272243,-8.292397234248416,KRT19,blue
8.452328031272243,-8.292397234248416,KRT19,blue
8.292914271566783,-8.541026768175511,KRT20,blue
8.292914271566783,-8.541026768175511,KRT20,blue
-11.225083223873312,6.086710721566101,KRT3,blue
7.231125450888664,-8.8517784306447,KRT4,blue
7.231125450888664,-8.8517784306447,KRT4,blue
-11.425603964251867,6.657217028227848,KRT5,blue
-11.352582814831718,6.953627346962393,KRT6A,blue
-11.130586914934286,7.00429034618284,KRT6B,blue
8.44479194291316,-8.338779441442506,KRT7,blue
8.44479194291316,-8.338779441442506,KRT7,blue
7.871987768986155,-8.16105334346022,KRT8,blue
7.871987768986155,-8.16105334346022,KRT8,blue
-11.720149427982777,6.3188044154870235,KRT9,blue
9.0925227528414,-10.33171668691677,Kai1,blue
-11.349612380570294,8.090437872402177,Kcnq2,blue
9.609597143479865,-10.778942194358759,KiSS-1,blue
9.349812262821061,-10.5694377369829,KiSS1,blue
-10.624396842893562,-8.732767239511876,Kif12,blue
9.577149110549454,-10.409492918757495,Kiss-1,blue
-9.252065019840478,-9.605638317404738,L10-like,blue
-9.287598901675418,-9.682677538748099,L10a,blue
-9.322269019306995,-9.688341067340446,L18a,blue
-9.287079829803254,-9.71224161309091,L23a,blue
-9.31721268740207,-9.81061704759734,L27a,blue
-9.324732077028816,-9.866882902495682,L35a,blue
-9.31574745199346,-9.670053396524395,L36a,blue
-9.334913001044372,-9.794225986578217,L37a,blue
-9.276277530646125,-9.680905384079383,L39,blue
-9.763204788678316,7.8620998924586,L55P,blue
-9.3296025214302,-9.861543352891513,L7a,blue
-11.530526788771898,6.656865848507042,LAMA2,blue
-10.86378318815002,7.019836352589079,LAMA3,blue
-10.990172655022835,6.958812640198862,LAMB3,blue
-10.790824822444646,7.018026072650013,LAMC2,blue
9.693081594882884,-10.388221714301656,LAPTM4B-35,blue
7.849051518034915,-9.367378154018025,LASP1,blue
8.832618809797735,-8.971459845382476,LATS1,blue
-10.462693274657044,6.890880255596338,LDB3,blue
-9.942477871713377,-9.616749764256843,LG72,blue
6.878469805204599,-7.995571140844685,LGALS1,blue
6.878469805204599,-7.995571140844685,LGALS1,blue
8.558485432938712,-8.376010310120439,LGALS3,blue
8.558485432938712,-8.376010310120439,LGALS3,blue
7.638111441022955,-8.938410136033056,LGALS3BP,blue
7.638111441022955,-8.938410136033056,LGALS3BP,blue
7.982747777005949,-8.416871478602047,LGALS4,blue
7.982747777005949,-8.416871478602047,LGALS4,blue
-11.559714440104694,5.421430441947196,LGI1,blue
-10.873914499783837,5.537207876035274,LGI4,blue
-10.444948998765751,5.676280389404379,LHX1,blue
-10.495443517079785,-9.448512478369471,LIM/homeobox,blue
-10.3516245610519,-8.538965070341716,LMAN1,blue
-11.96622932169508,5.146759293533029,LMNB2,blue
6.954685326731864,-7.754492914400928,LMOD1,blue
6.954685326731864,-7.754492914400928,LMOD1,blue
8.942859657217955,-11.829774236063251,LMX1A,blue
-10.730943688058737,5.515731491286661,LMX1B,blue
7.990383742104215,-8.931153118992654,LOXL,blue
7.990383742104215,-8.931153118992654,LOXL,blue
8.027083417601006,-8.986852051037319,LOXL2,blue
8.027083417601006,-8.986852051037319,LOXL2,blue
7.917156243091755,-8.897184098422667,LOXL3,blue
7.917156243091755,-8.897184098422667,LOXL3,blue
7.9724734110867415,-9.041117567846612,LOXL4,blue
7.9724734110867415,-9.041117567846612,LOXL4,blue
-10.839078831912772,4.864780213491567,LQTS-susceptibility,blue
9.532263075810231,-10.751065368280406,LRIG1,blue
9.474838246654482,-10.762605399478245,LRIG3,blue
9.41380165091276,-10.900028265139184,LRP16,blue
-9.959987171883315,-8.680393569568613,LRRC8,blue
-11.133376612712672,4.7862191288676845,LTBP4,blue
9.128074106072381,-10.137452199630516,LZTS1,blue
-13.040349761995737,-14.34002571032906,Lbc3,blue
-9.566740417069344,-8.56093212782316,Lem2,blue
-9.795371030278053,7.858254637039883,Leu-55-Pro,blue
-9.74902467831407,7.866686677612976,Leu55Pro,blue
-11.559498582844977,-14.393361771294375,Lrp-regulated,blue
-11.829806008150479,6.349905392971167,M1S1,blue
9.93293259782392,-10.152979069430565,MAC30,blue
9.700726958530636,-10.05500945947712,MACC-1,blue
9.97624868137507,-10.29197609870873,MACC1,blue
8.468156447977652,-7.609904167371767,MAD2L1,blue
8.468156447977652,-7.609904167371767,MAD2L1,blue
8.339698063803654,-7.637556484922655,MAD2L2,blue
8.339698063803654,-7.637556484922655,MAD2L2,blue
7.7589265176096065,-7.9909377211694474,MADCAM1,blue
7.7589265176096065,-7.9909377211694474,MADCAM1,blue
10.00032822588746,-10.144558507351771,MAGE-D4,blue
-9.286499519908109,-8.902109341995756,MAGE-F1,blue
-10.321115567705672,5.264595389922607,MAMLD1,blue
8.667653827685367,-7.894515226617316,MAP2K4,blue
8.667653827685367,-7.894515226617316,MAP2K4,blue
7.035131471998129,-8.356696957970398,MAP3K7,blue
7.035131471998129,-8.356696957970398,MAP3K7,blue
7.04475069660853,-7.806639737147533,MAP3K8,blue
7.04475069660853,-7.806639737147533,MAP3K8,blue
7.859143582455656,-7.824243058703188,MAP3K9,blue
7.859143582455656,-7.824243058703188,MAP3K9,blue
7.616624454014459,-8.3695364194004,MAP4K4,blue
7.616624454014459,-8.3695364194004,MAP4K4,blue
6.841421146135663,-7.376718723456169,MAPK13,blue
-11.8508936441439,-14.89334611969197,MAT1-2-1,blue
-10.93687942549239,7.49466828833506,MATP,blue
9.408809599571125,-10.202068779537782,MATS1,blue
-10.761819062238027,5.778883715672586,MBD5,blue
-10.349412562687899,-8.539892003296098,MCFD2,blue
-9.532688162547696,-9.517692824283412,MCTP2,blue
-12.25865551145828,-15.148235740582882,MDS2,red
7.936197987944681,-8.984010498131406,ME491/CD63,blue
7.936197987944681,-8.984010498131406,ME491/CD63,blue
-11.237627795322505,5.878165157579715,MECP2,blue
-11.391979872388989,4.467195061257223,MEOX1,blue
-11.089074484982417,4.848826092656512,MERTK,blue
-10.591872692098708,5.060870057956775,MESP2,blue
-11.18805264203976,5.562050747900907,MFRP,blue
-11.003185041935435,5.281745832363468,MGC4607,blue
-11.053983518789797,4.840907707135447,MID1,blue
-11.593416455785809,5.435125752921347,MKKS,blue
-11.07413686544717,4.687287945680883,MKS1,blue
-11.795387854809492,5.534744153779816,MKS3,blue
8.575927112566008,-8.307126633058086,MLANA,blue
8.575927112566008,-8.307126633058086,MLANA,blue
8.767983063662074,-8.97107518548898,MMAC1/PTEN,blue
9.360941780315693,-10.936524294667556,MMSET,blue
-9.67429206581181,-8.528419446386637,MNB1a,blue
-10.810132279319943,5.889865958409327,MNX1,blue
-10.536487035726797,7.242186871725952,MODY1,blue
-10.568324890290475,7.271917071288395,MODY2,blue
-10.561840520410607,7.267981250691969,MODY3,blue
-11.174973562563212,-8.999879636060356,MOK-2,blue
-10.846341065246001,-8.923173168509084,MOR1/GEM1,blue
-9.994479361856875,-9.853824493631768,MRLC2,blue
10.222177227837193,-9.962980336051642,MRP-1/CD9,blue
8.269342602983151,-7.6151412597276655,MS4A1,blue
8.269342602983151,-7.6151412597276655,MS4A1,blue
10.516873949576295,-11.077446785269277,MSLN,blue
-11.620026102592284,4.874056045811209,MSMD-causing,blue
7.078440917920519,-7.642814130819267,MST1R,blue
7.078440917920519,-7.642814130819267,MST1R,blue
-10.194774166106965,5.63007407331956,MSX1,blue
6.747417781408798,-7.575167284956775,MT1F,blue
9.693584568451419,-10.845280216522308,MTA1,blue
9.52625675430556,-10.87930826217696,MTA2,blue
9.808670512917613,-10.858583190217798,MTDH,blue
7.40355355379692,-8.166088801217459,MTHFD2,blue
7.40355355379692,-8.166088801217459,MTHFD2,blue
9.717119747744384,-10.241868623472719,MTSS1,blue
-11.322225137796284,-14.261568992366856,MTase-encoding,blue
8.544677314053574,-8.661403077569172,MUC3A,blue
8.544677314053574,-8.661403077569172,MUC3A,blue
-10.601429216630244,-8.573606118855407,MWFE,blue
9.26116963529142,-10.161841418576504,MXR7,blue
8.356503049527543,-8.033214855335592,MYBL2,blue
8.356503049527543,-8.033214855335592,MYBL2,blue
-10.86787495132307,7.25756148236208,MYBPC3,blue
-10.336753858111196,7.285448851506883,MYH1,blue
-10.397675203755751,7.1716344174778115,MYH13,blue
-11.645634058495208,5.2873193323789485,MYH14,blue
-10.570884642546675,7.176709370546154,MYH2,blue
-10.437509131499908,7.2706567370577275,MYH3,blue
-10.56871999486386,7.202014059544708,MYH6,blue
-10.787373056004277,7.264158610690071,MYH7,blue
-10.506500855637732,7.2657127607082295,MYH8,blue
-10.629185445798738,7.222088564551779,MYL2,blue
-10.591276221280145,7.2471605318757,MYL3,blue
-11.570012037993113,4.822638140212312,MYO5B,blue
-11.222269540543182,5.515301850265938,MYOC,blue
-11.318460238676682,4.439316924832875,MYPN,blue
9.439915991667334,-11.688905660765357,MZB1,blue
8.791761983209076,-8.493679625889843,Madh4,blue
9.224357371533321,-11.314383207464273,Mel-18,blue
10.05793067331712,-10.137698929730757,Mina53,blue
8.682656320638669,-7.72308242064273,Mkk4,blue
8.682656320638669,-7.72308242064273,Mkk4,blue
8.817415533627571,-11.539209799811276,Msi-1,blue
-11.134461853584128,5.249919936062401,Myocilin,blue
-11.495556354127384,-16.105685372039666,N-glycosyltransferase,blue
8.80125197737897,-10.850684154587993,NAC-1,blue
-12.201023661312263,-14.768924192783984,NAD2,blue
-12.079008180255707,-14.84917203253253,NAD6,blue
-11.945646616935672,-14.876037615498856,NADH1,blue
6.749311848984438,-8.445710611700518,NAP1L1,blue
7.231020677460951,-8.822916733587109,NBL1,blue
7.231020677460951,-8.822916733587109,NBL1,blue
-10.7041581779549,5.823636555189307,NCF1,blue
-10.582446643715354,5.830591733213453,NCF2,blue
9.557869693115236,-10.898447954520005,NDRG1,red
9.656900904382427,-10.401501232602184,NDRG1/Cap43,blue
9.573277298975821,-10.82643416354257,NDRG2,blue
9.323371373815467,-11.098423231893504,NDRG4,blue
-11.206835938788078,-8.899464806664977,NDUFA5,blue
-11.22417350467823,-9.051325253339341,NDUFAB1,blue
-9.995917041242858,6.457570558947216,NEFH,blue
6.965096884031051,-8.134417227303874,NEO1,blue
6.965096884031051,-8.134417227303874,NEO1,blue
7.739068231344373,-7.884873085394883,NES-1,blue
7.739068231344373,-7.884873085394883,NES-1,blue
9.616956288428085,-10.325586171206293,NET-1,blue
10.288096715038849,-10.258819909177795,NGALR,blue
9.367446202882503,-10.781835548465882,NGX6,blue
-11.647081969656162,6.069803930290253,NIPBL,blue
7.294748463499063,-8.366555538757234,NKD1,blue
7.294748463499063,-8.366555538757234,NKD1,blue
7.101918413358045,-8.437799060190045,NKD2,blue
7.101918413358045,-8.437799060190045,NKD2,blue
-10.218941327886148,5.574128461974558,NKX2-5,blue
-10.205508726047432,5.583357289246169,NKX2.5,blue
9.416310588938032,-10.71875787435554,NKX3.1,blue
-10.852947349411657,5.94811777203975,NLGN3,blue
-10.993535644229105,6.01305886302228,NLGN4,blue
-10.881357822966194,5.491516603543524,NLGN4X,blue
8.650947474728087,-10.581926597134716,NOB1,blue
6.789352830794728,-7.69773074116487,NOL3,blue
7.957856362747687,-8.790874234502636,NORE1,blue
7.957856362747687,-8.790874234502636,NORE1,blue
7.984018932682123,-9.39196644696889,NORE1B,blue
-10.30411498864764,5.634938388392432,NOTCH2,blue
-11.802532888716932,6.291534898985101,NOTCH3,blue
-11.95709041447334,-15.397049570871095,NOVA1,blue
-11.694309508037499,6.012162248808111,NPHP1,blue
-11.595108998428861,5.808167272838773,NPHP2,blue
-11.51510062455574,5.7842921282493895,NPHP3,blue
-11.553505243593843,5.701544383220409,NPHP4,blue
8.61445671675795,-8.301756751893253,NPRL2/G21,blue
8.61445671675795,-8.301756751893253,NPRL2/G21,blue
-10.202560181984897,4.86765791608633,NPRL3,blue
7.758910094382358,-8.235944901158563,NRCAM,blue
7.758910094382358,-8.235944901158563,NRCAM,blue
6.779250863056953,-7.987118427951072,NRG4,blue
6.878933044877867,-7.636541718784517,NRIP1,blue
6.878933044877867,-7.636541718784517,NRIP1,blue
9.700775745511269,-10.13819246734234,NRSN2,blue
-10.531205629073028,6.098445608495595,NRXN1,blue
-10.425392410374323,6.201765497963701,NRXN2,blue
-10.425392410374323,6.201765497963701,NRXN2,blue
-11.107273705631245,5.744478812575499,NSD1,blue
7.214222229767413,-7.9159197355774396,NTN1,blue
7.214222229767413,-7.9159197355774396,NTN1,blue
-10.785767757667056,-9.77962032793625,NUDT7,blue
-10.469318696020109,-9.45446392696121,NbCEP1,blue
-10.766421458108262,-9.27421099858382,NbCHMP1,blue
9.645354292487514,-10.193308914994196,Neurensin-2,blue
9.659653783235328,-10.253828686373803,Nm23-H1,blue
6.853010583670282,-8.391591189801593,Notch-4,blue
-10.991339168131189,-8.39391063690509,Nox4D,blue
-9.382820937683654,-8.3857079817369,O-MACS,blue
-11.476103504326622,7.297793217671651,OCA2,blue
9.995125969373058,-10.15941195595781,OCIAD2,blue
-11.369161156336734,4.884742396492468,OCRL1,blue
-11.965420773422268,6.076100988795758,OFD1,blue
9.5506479612368,-10.2458346531879,OLFM4,blue
7.927911850969847,-8.130491381419299,ONECUT2,blue
7.927911850969847,-8.130491381419299,ONECUT2,blue
-10.987127002186462,4.64100785776207,OPHN1,blue
8.943509248015122,-10.654900689032356,OPN-SI,blue
-11.200814037261997,5.62121522324128,OPTN,blue
9.628481172278615,-11.851010132015753,ORP5,blue
-10.009951593888935,5.452566636640912,OTX2,blue
-9.679935470980777,-9.924201624668502,Oligophrenin-1,blue
-11.048868101362265,-8.689293083104538,Oosp1,blue
-11.797483302959662,-15.56203200003987,P-450PBc2,blue
-11.497803522589479,-15.4910335036506,P450-encoding,blue
-11.418871976073794,-15.66853663166002,P450balk,blue
8.060965877689762,-8.202146568038199,P73,blue
8.060965877689762,-8.202146568038199,P73,blue
-10.002140410427495,6.128428739164414,P89L,blue
-10.002140410427495,6.128428739164414,P89L,blue
-9.401441044907054,-10.008297663776933,PABPI,blue
6.954096533190454,-9.26884514765524,PAI-RBP1,blue
-10.10288366520226,5.437646723116931,PAX3,blue
-10.370553842398783,5.579055854313002,PAX6,blue
-10.21780122114018,5.609644839153021,PAX9,blue
8.10311650421506,-8.443974670721284,PCDH7,blue
8.10311650421506,-8.443974670721284,PCDH7,blue
7.917542195250501,-8.364149546103404,PCDH9,blue
7.917542195250501,-8.364149546103404,PCDH9,blue
-10.00004037753695,5.787889275899348,PCQAP,blue
8.310602614710701,-8.320379227697419,PCSK5,blue
8.310602614710701,-8.320379227697419,PCSK5,blue
-10.764840389724942,5.10767415377917,PDCD10,blue
9.637670351488387,-10.990253038144528,PDCD4,blue
-11.217405068998636,6.276880034081903,PDE6A,blue
-11.217405068998636,6.276880034081903,PDE6A,blue
-11.316197785798682,6.356931956897095,PDE6B,blue
-11.316197785798682,6.356931956897095,PDE6B,blue
-10.559600173326682,6.24818205679952,PDE6G,blue
-10.559600173326682,6.24818205679952,PDE6G,blue
7.698635833782645,-8.220891040697113,PDGFC,red
7.698635833782645,-8.220891040697113,PDGFC,red
7.50124214220833,-8.198116877742468,PDGFD,blue
7.50124214220833,-8.198116877742468,PDGFD,blue
7.021452009006292,-8.700627662201548,PEA15,blue
7.021452009006292,-8.700627662201548,PEA15,blue
9.46404086229849,-10.510912467428263,PEBP4,blue
-9.823813977333577,-8.91746627672539,PEST-containing,blue
6.821737274910928,-7.963183697943733,PGLYRP,blue
-10.52792078697936,4.864789725143703,PHF6,blue
7.408563756921429,-7.974759444668166,PHLDA3,blue
7.408563756921429,-7.974759444668166,PHLDA3,blue
-11.003096120875938,5.478843159037188,PHOX2A,blue
-11.032317630377625,5.728670541923998,PHOX2B,blue
7.512818145838872,-7.619117075059672,PIK3AP1,blue
7.512818145838872,-7.619117075059672,PIK3AP1,blue
7.019228686537018,-7.4217728645024845,PIK3C2A,blue
8.102945326703258,-7.820317336101993,PIK3C2B,blue
8.102945326703258,-7.820317336101993,PIK3C2B,blue
7.759612505139447,-7.814387791924277,PIK3CB,blue
7.759612505139447,-7.814387791924277,PIK3CB,blue
7.607605957309387,-7.746558158568182,PIK3CD,blue
7.607605957309387,-7.746558158568182,PIK3CD,blue
7.937407738902919,-7.81187292321484,PIK3CG,blue
7.937407738902919,-7.81187292321484,PIK3CG,blue
7.766018451031304,-7.596286259432796,PIK3R1,blue
7.766018451031304,-7.596286259432796,PIK3R1,blue
7.606955467600912,-7.686352223644145,PIK3R2,blue
7.606955467600912,-7.686352223644145,PIK3R2,blue
-9.248686716733037,-8.314034384526826,PIMT/Tgs1,blue
7.291458052700105,-7.701201682335387,PIP5K1B,blue
7.291458052700105,-7.701201682335387,PIP5K1B,blue
-9.974983086494866,6.002422716608857,PIT-1,blue
-10.894567906046227,6.319524504229687,PITX3,blue
-10.894567906046227,6.319524504229687,PITX3,blue
7.41825232244383,-9.367625594112223,PIWIL2,blue
-11.588677950887034,4.63698309694695,PKAR1A,blue
-11.404278523045607,5.907320658010524,PKD1,blue
-11.430059258232442,5.9154917721864395,PKD2,blue
-9.651164886047454,-8.681394080205946,PKD2L2,blue
-11.922907567100525,6.131102165385196,PKHD1,blue
-11.768730383322223,4.665292227725984,PKLR,blue
-11.261615805874552,5.618168765724486,PKP1,blue
-11.164010342316056,6.886043949672721,PKP2,blue
9.14386406332229,-10.163276821562258,PKP3,blue
-10.308429402931976,-9.973106388856559,PLA2G2D,blue
6.798277930147131,-8.003196632215346,PLAC8,blue
6.71479539906983,-7.826584686764495,PLEKHA7,blue
-11.611775857519405,6.300455890647781,PLP1,blue
7.402652185872335,-9.326490031397626,PLXND1,blue
7.972372922210656,-7.2843545515615284,PMAIP1,blue
-11.601614165906282,4.48229121269036,PMM2,blue
8.729328354510328,-11.005483275979243,PODXL,blue
-11.432059603621742,5.86686317814593,POMGNT1,blue
-11.640351205606242,5.600634122290882,POMGnT1,blue
-11.692111125863526,5.7085038046501095,POMT1,blue
-11.62569417448006,5.6717472703233005,POMT2,blue
8.399569919657742,-8.978115896106342,PPP2R5C,blue
8.399569919657742,-8.978115896106342,PPP2R5C,blue
8.669821473725607,-11.827600554754197,PRDM14,blue
6.967002975589861,-7.37383108136029,PRDX1,blue
6.9849045167424535,-7.36570863349167,PRDX2,blue
7.147137706571884,-7.542028206004603,PRDX3,blue
7.147137706571884,-7.542028206004603,PRDX3,blue
7.27044800312302,-7.645314261859031,PRDX4,blue
7.27044800312302,-7.645314261859031,PRDX4,blue
6.809342243367281,-7.285335925631737,PRDX5,blue
6.9270619136674405,-8.80102369962287,PRIMA1,blue
6.9270619136674405,-8.80102369962287,PRIMA1,blue
7.334812261123617,-7.444101691569609,PRKAA1,blue
-11.903109557334458,6.1789846618258855,PRKAG2,blue
-10.556585474932364,5.89747708955331,PRKAR1A,blue
7.25468292492445,-7.311762785561446,PRKCA,blue
-10.073516244315746,5.96263480432157,PROK2,blue
-10.101206943470535,5.993442410201041,PROKR2,blue
8.719948631753967,-8.424279444040225,PROM1,blue
-10.209799111586,6.01163621016603,PROP-1,blue
-10.001881027673948,5.967034860826462,PROP1,blue
-11.873628343949132,5.623737369386429,PRPF3,blue
9.127974880900052,-10.425646543655091,PSGR,blue
-10.735029940952275,5.244826779832526,PTCHD1,blue
9.134439411162685,-10.672792310716606,PTP4A3,blue
-10.482148683307946,5.619155423113823,PTPN11,blue
8.001840696599578,-9.164165949110913,PTPN12,blue
8.001840696599578,-9.164165949110913,PTPN12,blue
7.959183644256427,-8.286518699619053,PTPN13,blue
7.959183644256427,-8.286518699619053,PTPN13,blue
7.661976341672393,-7.4930041752278855,PTPN6,blue
7.661976341672393,-7.4930041752278855,PTPN6,blue
-10.636764409678259,6.797318156537758,PTPRM,blue
6.909276138138994,-7.728548727754586,PTPRN2,blue
6.909276138138994,-7.728548727754586,PTPRN2,blue
9.792844508246613,-10.657237118005549,PTTG,blue
8.665522221039724,-10.488419666332769,PTTG-1,blue
9.819845050256092,-10.651951851410777,PTTG1,blue
-11.65068282931024,5.6268074856998425,PVRL1,blue
7.62695551724209,-7.221734006565525,PXN,blue
7.681348108054623,-7.757262572451371,PYCARD,blue
7.681348108054623,-7.757262572451371,PYCARD,blue
7.845822069869281,-8.605575578120682,PYGO2,blue
7.845822069869281,-8.605575578120682,PYGO2,blue
-9.523453312981479,-8.61971159235844,Parg,blue
-10.536058645959223,7.89140820371201,Pathoadaptive,blue
-10.87835706269074,-8.746906866127121,Pex13,blue
-9.505885008202196,-9.98075692298138,PgHsc70,blue
-12.320130867171049,-14.235225468818422,PgiC2,blue
-9.781659273353688,7.844428572648299,Phe33Val,blue
9.669158535461913,-10.11161683155231,Phospho-mTOR,blue
8.562248210954772,-11.198322536705021,PlexinA1,blue
-11.60139121230547,-16.126044922844432,PmST2,blue
7.181754569978085,-9.081315435387236,Prok1,blue
7.181754569978085,-9.081315435387236,Prok1,blue
-10.110058674850158,-10.243909176732695,Psmb5,blue
-11.039200393144021,-10.102026283559063,Ptprr,blue
-10.612647012390019,4.995753988761125,R206H,blue
-10.621833956789272,7.35782831992229,R403Q,blue
-10.484636651094196,5.503385775908051,RAB23,blue
6.995094536180634,-7.622380230709152,RAB31,blue
6.995094536180634,-7.622380230709152,RAB31,blue
-11.567708042510532,5.373353769944626,RAB7,blue
-10.288082121535446,4.562472043341516,RABGAP1L,blue
9.511487817979061,-10.268802077704018,RACGAP1,blue
7.180892174523242,-7.613545438687155,RAD9A,blue
7.180892174523242,-7.613545438687155,RAD9A,blue
-10.956556006146615,6.085744616091315,RAI1,blue
7.98823691130611,-8.524611226788046,RAP1A,blue
7.98823691130611,-8.524611226788046,RAP1A,blue
7.871131094118325,-8.399061761284319,RAP1B,blue
7.871131094118325,-8.399061761284319,RAP1B,blue
6.8676792185711415,-7.8670945328367266,RAP2A,blue
6.8676792185711415,-7.8670945328367266,RAP2A,blue
7.008671080344093,-7.93499232241084,RARG,blue
7.008671080344093,-7.93499232241084,RARG,blue
8.406843222653821,-9.025687783806532,RARRES1,blue
8.406843222653821,-9.025687783806532,RARRES1,blue
9.029755626507969,-9.973666306513099,RARRES3,blue
-11.078203011881541,5.588625715005829,RASA1,blue
9.374969831708125,-10.10103287663672,RASAL1,blue
6.7183492021044415,-9.012782915776583,RASD1,blue
7.713939768322773,-8.990985465391127,RASSF3,blue
7.713939768322773,-8.990985465391127,RASSF3,blue
7.406436571557599,-8.20015507117734,RASSF5,blue
7.406436571557599,-8.20015507117734,RASSF5,blue
7.944124276954272,-7.660711051318595,RBBP4,blue
7.944124276954272,-7.660711051318595,RBBP4,blue
6.805023242477708,-7.903018376932056,RBBP7,blue
7.553549883742142,-8.429903756151802,RBBP8,blue
7.553549883742142,-8.429903756151802,RBBP8,blue
7.69674780850814,-8.207503006345819,RBL2,blue
7.69674780850814,-8.207503006345819,RBL2,blue
8.0650210136384,-8.25700157062074,RBM39,blue
8.0650210136384,-8.25700157062074,RBM39,blue
8.476538333621638,-8.249676679814803,RBSP3/CTDSPL,blue
8.476538333621638,-8.249676679814803,RBSP3/CTDSPL,blue
-10.890484168350499,4.977535806589073,RECQL4,blue
9.920441007644763,-9.933078200076126,REG1A,blue
9.74623364327927,-10.658355385981862,REG1alpha,blue
10.432786481584552,-10.485236247325394,REG4,blue
-10.80630491222229,-8.683580986210389,REP27,blue
6.863022504055577,-9.165526229972455,RFP2,blue
6.863022504055577,-9.165526229972455,RFP2,blue
-11.919063675231785,5.1458090829508265,RFX6,blue
6.912736647192234,-9.46438776299942,RGC32,blue
-9.721234565094603,-10.175330780097726,RGRC2,blue
-10.370209523006526,4.631115285441899,RHAG,blue
-10.114330015755614,-8.439960534034604,RHEBL1,blue
7.078577755081567,-8.691675994963099,RHOB,blue
7.078577755081567,-8.691675994963099,RHOB,blue
-10.808734504333374,-9.723537955941573,RHOBTB2,blue
6.765657504512246,-8.605663912635997,RHOC,blue
-10.783856923358321,5.672866071375737,RIEG,blue
-11.745667855306401,4.560921598547944,RIEG1,blue
9.269579562592064,-10.564778796783072,RKIP,blue
9.931068071243535,-11.698050406261913,RND3,blue
7.63142443005726,-7.915326015938165,ROBO1,blue
7.63142443005726,-7.915326015938165,ROBO1,blue
8.038668967912765,-7.609522902675406,ROBO1/DUTT1,blue
8.038668967912765,-7.609522902675406,ROBO1/DUTT1,blue
8.081563338466722,-7.641597970227405,ROBO2,blue
8.081563338466722,-7.641597970227405,ROBO2,blue
-10.508010921014838,5.155053105781666,ROR2,blue
-9.538198630127955,-9.586512803981579,RPA4,blue
-11.523922245609377,5.629785045770326,RPGRIP1L,blue
-9.351217644976138,-10.28885191814079,RPL15,blue
-9.23919141479854,-10.122664882820382,RPL19,blue
-12.298954264418043,-14.433874304872868,RPL23A,blue
-9.400234394486318,-10.204555706572574,RPL4,blue
-9.320513496085173,-10.244946316661926,RPS18,blue
-9.39674623036199,-9.982093663778457,RPS25,blue
-9.249752576203306,-9.595430926520237,RPS27,blue
-9.30724425985473,-10.229407321621425,RPS29,blue
7.982452169507999,-7.565560571942241,RPS6KB1,blue
7.982452169507999,-7.565560571942241,RPS6KB1,blue
-10.64800832044365,-10.162116491520102,RPS8,blue
8.673961680459358,-8.298299616173963,RRAD,blue
8.673961680459358,-8.298299616173963,RRAD,blue
6.914245772838297,-7.766568648346689,RSPO2,blue
6.914245772838297,-7.766568648346689,RSPO2,blue
-11.549133513442031,4.882512482284259,RSPO4,blue
9.186758176656042,-10.216718640294264,RegIV,blue
9.189487265287278,-10.862150008531774,RhoC,blue
9.416893596060229,-10.18173199217507,RhoC/ROCK-1,blue
8.586927714907405,-10.550160429635179,RhoE,blue
9.000923631487074,-10.83421243250052,RhoGDI2,blue
-9.38645954089606,-9.671554692762582,RpS3,blue
-9.317410176004467,-9.560480273695298,RpS6,blue
9.587705626718535,-10.54103338843526,Rsf-1,blue
6.837557640991804,-7.2332142593912625,Rxrg,blue
7.638173151360086,-8.430378417957312,S100a4,blue
7.638173151360086,-8.430378417957312,S100a4,blue
-9.349320462731702,-10.0020209556316,S14,blue
-9.340020356397881,-9.847950706706513,S15a,blue
-9.283937513350079,-9.597918097504733,S27a,blue
-10.950872062236922,5.550881817544072,SALL1,blue
7.07486677553168,-7.603944719239533,SAMSN1,blue
7.07486677553168,-7.603944719239533,SAMSN1,blue
-11.835015704163423,-15.018498895615242,SASP-1,blue
-11.308405472238185,5.160301049039365,SBDS,blue
9.766494984324378,-10.144360612913323,SCARA3,blue
8.67228776157716,-10.520069822119712,SCC-S2,blue
8.661854329479587,-10.6327561964723,SCCRO,blue
-11.447306421661628,8.067964599387807,SCN8A,blue
7.801879261233129,-8.27146684070708,SDC2,blue
7.801879261233129,-8.27146684070708,SDC2,blue
-10.577537888606475,6.1388167509636515,SDHA,blue
-10.577537888606475,6.1388167509636515,SDHA,blue
-10.840181424822248,6.21215586049345,SDHAF2,blue
-10.840181424822248,6.21215586049345,SDHAF2,blue
-10.615504297169506,6.266967501109105,SDHB,blue
-10.615504297169506,6.266967501109105,SDHB,blue
-10.630590338875743,6.2657206852694625,SDHC,blue
-10.630590338875743,6.2657206852694625,SDHC,blue
-10.640141913117205,6.28051350639884,SDHD,blue
-10.640141913117205,6.28051350639884,SDHD,blue
-10.658115222488687,6.204323930755661,SDHx,blue
-10.658115222488687,6.204323930755661,SDHx,blue
-11.856360898265471,4.86851081989601,SEC63,blue
9.280115594877419,-10.14341828428567,SELENBP1,blue
7.880708485090128,-8.382992221583034,SEMA4F,blue
7.880708485090128,-8.382992221583034,SEMA4F,blue
-11.151818031865588,6.889233138785683,SERPINA1,blue
8.40326342830036,-8.515056176306752,SERPINB5,blue
8.40326342830036,-8.515056176306752,SERPINB5,blue
8.025768159661176,-8.592749905366892,SERPINB8,blue
8.025768159661176,-8.592749905366892,SERPINB8,blue
-11.230254489151827,5.2405958312877035,SERPINF1,blue
7.732924154476157,-8.495795517472619,SERPINI1,blue
7.732924154476157,-8.495795517472619,SERPINI1,blue
7.375941123149041,-8.325407297781206,SERTAD1,blue
7.375941123149041,-8.325407297781206,SERTAD1,blue
7.691899240157319,-7.744258141242474,SESN1,blue
7.691899240157319,-7.744258141242474,SESN1,blue
-11.308350950794107,6.581535742353685,SGCG,blue
-10.38634180270323,-8.725706757802872,SH-PTP3,blue
-11.304399467493223,5.665261898889545,SH2D1A,blue
-10.372103193760003,-8.556967337400819,SH3BGRL,blue
-11.090649865842924,5.236083362301339,SH3BP2,blue
-11.053189600606991,5.344991336213785,SHANK1,blue
-10.409418423673625,4.7038629543948876,SHANK2,blue
-10.970938709512774,5.421045307598917,SHANK3,red
7.295249166629262,-7.733572461857173,SHC1,blue
7.295249166629262,-7.733572461857173,SHC1,blue
-11.530895003365872,5.7531907003753275,SHOC2,blue
-10.772829416937746,5.593764530165365,SHOX,blue
-10.588293028076142,5.793738464560511,SIX1,blue
8.135018348178079,-8.694228221179491,SIX2,blue
8.135018348178079,-8.694228221179491,SIX2,blue
-10.110474080257422,5.498942230609817,SIX3,blue
-11.110447139376326,5.581305658054399,SIX5,blue
-10.347298845367723,5.640772099917428,SIX6,blue
-10.941186841968127,5.191632898131166,SIZN1,blue
-11.668461589020742,4.779513765203216,SLC16A2,blue
-11.368290678471675,7.808017157339444,SLC22A12,blue
-10.955687332082055,7.26828530958512,SLC24A5,blue
-10.917147409399947,6.42774131733728,SLC2A1,blue
-10.7727385163373,6.752342654083952,SLC2A2,blue
-11.26394744325883,7.848926479159963,SLC2A9,blue
8.198432545140172,-7.818267000947849,SLC38A4,blue
8.198432545140172,-7.818267000947849,SLC38A4,blue
-11.059028118777466,7.415989035996008,SLC45A2,blue
-11.479655096970301,4.486269276397772,SLC6A8,blue
6.97453463852162,-7.4087720154709205,SLC7A5,blue
-11.47256133158915,5.324201657896294,SLC7A7,blue
7.585215267866627,-8.771907628521106,SLIT3,blue
7.585215267866627,-8.771907628521106,SLIT3,blue
-10.032776558483752,5.2179238597155075,SLITRK1,blue
9.845713822933694,-10.292139043523816,SLP-2,blue
-11.344956400465255,5.573895575960172,SMC1A,blue
-11.547620402713667,5.696792031212067,SMC1L1,blue
-10.290767439117564,6.088134268898421,SMOC2,blue
9.713062254235222,-10.894542681000658,SMYD3,blue
9.434308275032471,-10.040344525328631,SNC73,blue
-10.252710235816764,5.559102718371725,SNCAIP,blue
10.006349520526932,-10.58385088846417,SNCG,blue
6.747057662045285,-9.201373443473512,SOCS4,blue
6.95659247868997,-9.220127391192579,SOCS6,blue
6.95659247868997,-9.220127391192579,SOCS6,blue
9.162160395008215,-11.384745949700303,SOSTDC1,blue
7.982760048170157,-8.103001037571934,SOX-6,blue
7.982760048170157,-8.103001037571934,SOX-6,blue
-10.138157796378325,5.458563130531612,SOX10,blue
-9.972504902687609,5.5833505388088325,SOX3,blue
8.872996499108046,-11.447535892266371,SOX4,blue
8.89855808036678,-11.778055363151285,SOX6,blue
-10.60695274902835,6.215706559638341,SP110,blue
-10.60695274902835,6.215706559638341,SP110,blue
9.156012093158278,-10.14544484586489,SPARCL1,blue
-11.590952304158817,5.754303258137912,SPRED1,blue
9.002855311526938,-10.03429121782847,SPRR3,blue
6.988895364175455,-9.058706827561883,SPRY2,blue
6.988895364175455,-9.058706827561883,SPRY2,blue
7.1884306410069145,-8.102365826588915,SPRY4,blue
7.1884306410069145,-8.102365826588915,SPRY4,blue
-11.738419076243837,4.973895553051199,SQSTM1,blue
-10.260885355611506,5.536598473430074,STK11,blue
-10.319023684228458,5.440921970650521,STK11/LKB1,blue
8.489956353586342,-7.933207299774399,STK6,blue
8.489956353586342,-7.933207299774399,STK6,blue
9.803360313181644,-10.574035292568217,STMN1,blue
7.213172619991702,-7.533983650652622,STXBP6,blue
7.213172619991702,-7.533983650652622,STXBP6,blue
-11.358154559607536,-14.608929510274036,SUC4,blue
9.121493437441202,-11.764523560562,SULF1,blue
9.15468850873707,-11.80213158326673,SULF2,blue
8.768617600788241,-11.503880457510565,SULT2B,blue
-10.370609603607807,5.6724918963819295,SYNGR1,blue
8.623190917560809,-10.877940215471876,Sp1-dependent,blue
-10.740489738392256,4.691715743707398,T253I,blue
-11.537648138031615,8.08388052347269,T481S,blue
8.975368763622013,-10.11351251349621,TA1/E16,blue
-9.676583823232829,6.16681722751854,TAC3,blue
-9.736836223897141,6.173220180669242,TACR3,blue
8.489811348303604,-8.380005476480276,TACSTD1,blue
8.489811348303604,-8.380005476480276,TACSTD1,blue
8.698678189415068,-8.72062520025181,TAGLN,blue
8.365667835880851,-9.00082297501113,TAGLN2,blue
8.365667835880851,-9.00082297501113,TAGLN2,blue
6.946537558017411,-8.863079835504905,TARBP1,blue
6.946537558017411,-8.863079835504905,TARBP1,blue
7.144868223572716,-8.897099859559978,TARBP2,blue
7.144868223572716,-8.897099859559978,TARBP2,blue
-10.178249755246743,-10.29369644140642,TAS1R,blue
-10.044862040163459,-10.230633477743243,TBL2,blue
7.874848378105922,-8.196682219021561,TBX15,blue
7.874848378105922,-8.196682219021561,TBX15,blue
-11.166244080673719,5.306776407402901,TBX22,blue
8.492817897652213,-8.604762192460313,TBX4,blue
8.492817897652213,-8.604762192460313,TBX4,blue
-10.33341223375697,5.56774908619913,TBX5,blue
-11.064523516833916,5.915821113523449,TCF2,blue
7.2403413347168755,-7.937673629621305,TCF7,blue
7.2403413347168755,-7.937673629621305,TCF7,blue
-10.510224177467487,4.703387151955762,TCF8,blue
-10.914443767229322,-10.031950272282852,TCL5,blue
-11.669260374177313,6.0966059278742994,TCOF1,blue
6.7165427337990655,-7.7875235390788875,TEGT,blue
-10.082206026437884,5.446290732865599,TFAP2A,blue
7.727465452409311,-9.35662819920635,TFDP1,blue
7.3711352153543315,-7.740625971014053,TFDP2,blue
7.3711352153543315,-7.740625971014053,TFDP2,blue
7.025941443131395,-7.364604768137676,TGFBRAP1,blue
7.136875898527601,-8.842694250467678,TGM2,blue
7.136875898527601,-8.842694250467678,TGM2,blue
9.091893858385616,-9.968026205444646,TGM3,blue
-11.543673791505404,5.906815901378924,THAP1,blue
8.669166655119614,-8.135681834655276,THBS2,blue
8.669166655119614,-8.135681834655276,THBS2,blue
-10.943463003309157,4.623447459497881,TIGR/MYOC,blue
-11.554848206045824,4.438857302026994,TIMM8A,blue
-11.493162643859907,5.610177415235014,TINF2,blue
8.132949079633487,-8.200505848260274,TIPARP,blue
8.132949079633487,-8.200505848260274,TIPARP,blue
-11.283018122065933,5.360449591638864,TITF-1,blue
8.361203437911783,-7.926985008295933,TJP1,blue
8.361203437911783,-7.926985008295933,TJP1,blue
8.13871469945813,-7.888907587167066,TJP2,blue
8.13871469945813,-7.888907587167066,TJP2,blue
9.919781716372444,-10.344552928351417,TKTL1,blue
6.824972674047809,-8.681700985990602,TLN1,blue
-11.50699648207257,5.271971569961225,TM4SF2,blue
8.832331150471814,-9.361273674004307,TM4SF3,blue
8.824428335868934,-10.218417833499236,TMEFF2,blue
-10.933056842237283,6.229151622057426,TMEM127,blue
-10.933056842237283,6.229151622057426,TMEM127,blue
9.643481757212925,-11.344782505151395,TMPRSS4,blue
9.633351701763647,-11.369934899383964,TMSB10,blue
8.818418637696334,-10.684214188360835,TNFAIP2,blue
9.301741939199847,-10.602328314480499,TNFAIP8,blue
7.327677422522455,-7.289209928297999,TNFRSF10B,blue
7.161619873463331,-7.267003230321057,TNFRSF10D,blue
6.841315723460191,-7.236590522117103,TNFRSF12A,blue
-10.105453874293348,5.572116054382704,TNFRSF6,blue
7.416066229716668,-8.590169929429257,TNFRSF8,blue
7.416066229716668,-8.590169929429257,TNFRSF8,blue
-10.657860528559265,7.210920991435676,TNNC1,blue
-10.680920264119472,7.272705878646481,TNNI3,blue
-10.712499935251598,7.290753132154895,TNNT2,blue
-10.54405503630912,7.257214651143894,TNNT3,blue
7.255201941059399,-8.970321717131958,TNRC6A,blue
7.255201941059399,-8.970321717131958,TNRC6A,blue
-9.928980931925611,6.573534963762947,TNXB,blue
9.88077488148815,-10.244575192126593,TOP-2alpha,blue
8.679508938020323,-7.967777720368309,TOPO2A,blue
8.679508938020323,-7.967777720368309,TOPO2A,blue
-11.870712613170651,5.815502405279452,TOR1A,blue
7.569565201883097,-9.294695196127169,TOSO,blue
-11.279810534409293,-14.2628625428356,TOX2,blue
7.233515873258648,-7.65849104160033,TP53I3,blue
7.233515873258648,-7.65849104160033,TP53I3,blue
9.24175546618977,-10.816608454528343,TP53INP1,blue
-10.568718481591311,5.510946220170012,TP63,blue
8.459189413035315,-9.148309037618143,TPD52,blue
8.459189413035315,-9.148309037618143,TPD52,blue
-11.202418969980595,5.792588074214846,TPIT,blue
-10.622565050955881,7.238916368164113,TPM1,blue
-10.672220265740354,7.167049523402868,TPM2,blue
-10.731951458564792,7.135978364339383,TPM3,blue
6.888012088840745,-7.8613410466893185,TPM4,blue
6.888012088840745,-7.8613410466893185,TPM4,blue
7.733915412312408,-8.947555575855446,TRA1,blue
7.733915412312408,-8.947555575855446,TRA1,blue
9.532339620442308,-10.131826484670327,TRIM24/TIF-1alpha,blue
9.908673140128943,-10.115722933782486,TROP2,blue
9.473755827536012,-10.449765479545238,TRPS-1,blue
-10.316929307300208,5.373719030663863,TRPS1,blue
-11.668931300607907,-15.813943648599633,TRT2,blue
9.832993474187788,-10.324436290798696,TSPAN1,blue
-11.530356930205526,-14.898013873128134,TUB1,blue
-11.509127943847911,-15.021642079629025,TUB2,blue
-10.325939639843849,-9.262832076948254,TUBA1,blue
10.467948108882219,-10.942963251437986,TUBA1B,blue
8.335051275252194,-8.017364921183015,TUBB,blue
8.335051275252194,-8.017364921183015,TUBB,blue
-11.275287445595575,4.734700905944601,TUBB2B,blue
-10.800877657017292,7.7427076503575325,TYR,blue
-10.917746051576252,7.5184241869803285,TYRP1,blue
-10.224795367617887,-10.26999902352728,Tas1r1,blue
8.610904231180719,-10.070127535936187,Tbeta15,blue
-9.440895643480596,-8.907770125672887,Teneurin-2,blue
7.750459045852105,-7.31139437814657,Tnfrsf10b,blue
-10.185301527915408,-8.343915887258818,Tnk1,blue
-11.74727449962795,5.384158574365794,Tor1A,blue
-9.734582798116621,7.842582623153721,Transthyretin,blue
-9.773757144448053,7.846531312545554,Tyr114Cys,blue
-10.952838555777605,5.51632006064573,UBE3A,blue
-10.338195247035989,-9.452960682315194,UBL5,blue
-11.298079489777132,-14.579045592573374,UBQ10,blue
-10.766961222596182,-9.845202711628827,UFD1L,blue
-11.446245280605446,5.026585339185254,UPF3B,blue
-12.401640977496147,-14.524723484165651,URF5,blue
-12.222328042440061,-14.599577332414094,URF6,blue
9.870588449997607,-10.478400606651777,URG4,blue
9.263980979473256,-10.051396463641089,UROC28,blue
9.757540830560355,-10.650047672508988,UbcH10,blue
-9.328112072624258,-8.368867376216661,UbcH2,blue
-9.26898363787641,-9.259039042063398,UbcM4,blue
7.937555088068173,-7.361716482818326,Underexpression,blue
-9.76083293300478,7.848556888616532,V30M,blue
-11.771613293440172,5.193310758940987,VANGL1,blue
-10.877802457260415,5.744476909730887,VAX1,blue
8.152668999698022,-8.203933790158434,VCAN,blue
8.152668999698022,-8.203933790158434,VCAN,blue
6.885879351804175,-7.793881979382912,VIL1,blue
6.885879351804175,-7.793881979382912,VIL1,blue
-11.210929744275555,4.627203361611574,VLGR1,blue
-11.815469402581098,5.4411235261552315,VPS33B,blue
9.738083509007353,-10.093918354778996,VSNL-1,blue
-11.464338538956445,6.300293972366944,VSX1,blue
-11.464338538956445,6.300293972366944,VSX1,blue
-9.693889619439027,7.835570556991351,Val30Met,blue
-9.65517485370248,7.832014983462658,Val30Met-associated,blue
-9.624492236554303,-9.903306938867745,Var1,blue
-11.19202230613737,5.54350350662391,WDR36,blue
8.915331777609286,-10.475575945028778,WFDC1/ps20,blue
7.513606523561345,-8.613044830470862,WISP-3,blue
7.513606523561345,-8.613044830470862,WISP-3,blue
-10.535996652350281,5.00264749495254,WISP3,blue
-10.169043253123895,5.613484544879707,WKL1,blue
-10.164549357612254,5.9536540406854455,WNT10A,blue
7.384279152498595,-8.685899150504039,WNT10B,blue
7.384279152498595,-8.685899150504039,WNT10B,blue
7.328812604126081,-8.795766682078249,WNT11,blue
7.328812604126081,-8.795766682078249,WNT11,blue
7.3171001823244985,-8.621346080684097,WNT14,blue
7.3171001823244985,-8.621346080684097,WNT14,blue
7.315283066759412,-8.621194860120246,WNT14B/WNT15,blue
7.315283066759412,-8.621194860120246,WNT14B/WNT15,blue
8.556514568915118,-8.363756050563724,WNT2,blue
8.556514568915118,-8.363756050563724,WNT2,blue
7.156493144663646,-8.596852468591537,WNT2B,blue
7.156493144663646,-8.596852468591537,WNT2B,blue
6.9243501030351124,-8.646681127406255,WNT2B2,blue
6.9243501030351124,-8.646681127406255,WNT2B2,blue
7.316827418410784,-8.60493879402816,WNT3,blue
7.316827418410784,-8.60493879402816,WNT3,blue
7.320702313780478,-8.82987592215311,WNT3A,blue
7.320702313780478,-8.82987592215311,WNT3A,blue
7.339322685059994,-8.64400518785046,WNT5B,blue
7.339322685059994,-8.64400518785046,WNT5B,blue
7.3299941987729005,-8.692297368351797,WNT6,blue
7.3299941987729005,-8.692297368351797,WNT6,blue
-10.199482435164622,5.326799496702514,WNT7A,blue
7.341554583602453,-8.701393154406677,WNT7B,blue
7.341554583602453,-8.701393154406677,WNT7B,blue
7.288717522854611,-8.661329723889303,WNT8A,blue
7.288717522854611,-8.661329723889303,WNT8A,blue
7.261063331131063,-8.75482582749384,WNT8B,blue
7.261063331131063,-8.75482582749384,WNT8B,blue
7.25304957855921,-8.568225411388504,WNT9A,blue
7.25304957855921,-8.568225411388504,WNT9A,blue
7.301258028692749,-8.298066398408622,WNT9B,blue
7.301258028692749,-8.298066398408622,WNT9B,blue
7.557781042765734,-8.314662471017686,WW45,blue
7.557781042765734,-8.314662471017686,WW45,blue
10.50590009617814,-10.302365740776608,Wif-1,blue
9.456671316372574,-10.159971140603165,Wnt1/beta-catenin,blue
10.147912021712616,-9.898589199310633,XAF1,blue
-10.133740618704906,5.570341860708317,XPNPEP2,blue
9.681967138910718,-10.223223827525436,XPO4,blue
-9.781772928992607,7.854664043728117,Y114C,blue
7.605371091165058,-7.780799194487926,YES1,blue
7.605371091165058,-7.780799194487926,YES1,blue
7.761756506549719,-8.288167630170497,YWHAG,blue
7.761756506549719,-8.288167630170497,YWHAG,blue
-10.17260858942888,-8.476477798262668,Yippee,blue
-10.853115718967887,6.49448696172614,ZASP,blue
8.745954148538905,-11.223895974260335,ZEB-1,blue
9.082293643941748,-11.758348755113795,ZEB1/ZEB2,blue
-11.280097120942257,5.074390068168319,ZFHX1B,blue
-11.535599477026816,5.211830920758646,ZFP57,blue
8.75482854222466,-11.292950846303036,ZHX2,blue
-10.152848554779558,5.516877689610511,ZIC2,blue
-10.958472207960716,5.988288871287813,ZIC3,blue
-11.222524811289492,-9.067811682152263,ZNF2,blue
-10.951849854517047,-9.017923418483312,ZNF449,blue
7.134812195096874,-8.0051355887497,ZNF462,blue
7.134812195096874,-8.0051355887497,ZNF462,blue
9.781927513419449,-11.305606400177352,ZNRD1,blue
-10.793753845553814,-8.674570412537502,Zfp36l1,blue
-10.426719938909937,-9.74491585364829,Zis,blue
-10.861466023590692,-8.459301010470153,alpha-PCC,blue
6.950077356140097,-8.121742247634131,alpha2-integrin,blue
6.950077356140097,-8.121742247634131,alpha2-integrin,blue
10.08117211862532,-11.074632795111585,astrocyte-elevated,blue
-11.59367485664537,4.52389029237954,atlastin,blue
-12.17145511976374,-14.414991949434926,atp1,blue
-11.869716811503666,-14.661793731292907,atpG,blue
-11.246999307095745,4.729953790252612,autism-associated,blue
-11.50993045182809,-15.420072931277003,barbiturate-inducible,blue
-11.352277092030656,-14.85598524484932,benA,blue
-11.05676939254841,-8.801540867619654,beta-PCC,blue
-11.246900799733869,6.526806485037105,beta-sarcoglycan,blue
-11.268089545156064,-15.10718380902298,beta-tubulin-encoding,blue
-11.928324688823393,4.721054246691521,betaIGH3,blue
-11.400048032966007,-15.863436507640856,bphC1,blue
-9.904919541533516,-8.834071690855524,c-akt,blue
-10.534480611282355,-9.30053992412939,c-mer,blue
-11.987964392460647,-14.492632501022921,caa,blue
-11.519373183806957,-15.292295641729318,camC,blue
9.887864224538431,-10.6630053115415,chemoradioresistance,blue
8.20993469291797,-8.783700925347562,claudin7,blue
8.20993469291797,-8.783700925347562,claudin7,blue
7.762750678719562,-8.741373136089525,co-expressions,blue
7.762750678719562,-8.741373136089525,co-expressions,blue
-10.345167524986262,6.190836305501185,cochlear-expressed,blue
-10.345167524986262,6.190836305501185,cochlear-expressed,blue
-10.237967982904712,7.291952986955707,connexin26,blue
-10.149781791061779,6.59562255384651,corneodesmosin,blue
-12.226740849692773,-14.641625216466052,cox1-3,blue
-11.546750311914874,-15.342710284886875,cwp84,blue
8.627186325198174,-7.431396804800321,cyclinD2,blue
-9.448479109830279,-8.77557775609145,dA/dT,blue
9.688847765009584,-10.538554616216233,dMTase,blue
-11.3456011412852,-15.888256713858485,ddsA,blue
10.080872717866868,-9.91134201195486,deltaNp63,blue
-10.24890632264217,7.006133383045788,desmocollin-2,blue
-10.329067955365849,6.984411113708754,desmoglein-2,blue
-12.138833425949445,-14.723495896629744,divergon,blue
-11.206618880600486,6.187038547733541,dysferlin,blue
-11.206618880600486,6.187038547733541,dysferlin,blue
-10.773119067133097,-9.772250102312444,egfl7,blue
8.655751464923352,-10.999749900915484,emmprin,blue
-12.418715173994974,-14.793061519673229,ery1,blue
-11.420065201600545,-15.57428912963907,etbC,blue
-10.370917085046328,-9.095002980169678,fibrocystin/polyductin,blue
-12.001562885741155,-14.720157434797182,fimI,blue
-11.683270234754605,-14.645765863559985,fimK,blue
-12.111905888334714,-14.438313627621099,fixR,blue
-10.077642787507592,-9.50690627211792,flightless-I,blue
-10.232327202300192,-8.97734643876827,four-and-a-half-LIM,blue
-11.602132839018768,4.807752840647801,frizzled-4,blue
-11.265469454960495,-14.931987710501993,frpA,blue
-11.558115403393236,5.4640193927180425,fukutin,blue
-11.664990998902905,5.304678524974585,fukutin-related,blue
-9.946506186519265,-9.810183019012127,geneX-secA,blue
8.55848363190627,-11.107740754963727,hASH1,blue
-10.035027302579932,-8.883796481142603,hCCR5,blue
-10.455126074524498,5.219605602055574,hCHK2,blue
-11.275402465020209,6.365524447116778,hHb6,blue
-11.275402465020209,6.365524447116778,hHb6,blue
9.913878858786527,-10.203919933202458,hHpr1/p84/Thoc1,blue
-10.928241003629585,-8.823874286173293,hIL8,blue
9.506316609993224,-10.396840812129357,hMena,blue
9.294152973029094,-10.436684622261227,hPTTG1,blue
8.912435703714415,-10.436979582892166,hRFI,blue
-11.189137006319521,5.305662498903705,haplo-insufficiency,blue
9.136841092681909,-10.384436835833345,heparanase-1,blue
-12.241227929242992,-14.460616747874752,hetP,blue
-11.26482042373664,-14.60073945451619,hno,blue
-11.45653079868682,-15.758473529715666,hpaC,blue
9.237058331415625,-10.21096963308029,hsa-miR-191,blue
-12.23815208709239,-14.907116413743354,hsdS,blue
9.81038175481358,-11.171971968077816,hypermethylator,blue
9.20340874110367,-10.67025983549798,iASPP,blue
-11.466119323492544,-14.716357457462045,iad,blue
9.709455499308516,-10.520691033601963,karyopherin-alpha2,blue
-10.975376848286885,4.901439227480078,keratoepithelin,blue
-10.341004101027892,-8.50181129707966,kinesin-73,blue
-11.696119046680762,-14.650212540264981,kpsS,blue
-12.442260766847566,-14.970724752789554,light-regulatory,blue
-9.392867435805053,-9.45083586419014,lin-10,blue
8.950552367921349,-10.340881253113618,ln-5,blue
-11.298596035742214,-14.372739039970796,ltrB,blue
-10.943850139140281,-9.820783198390096,mAcsl6,blue
-11.147099222657216,-9.576253299505721,mStaf,blue
-11.525684164648553,-15.137809860956187,malM,blue
-12.214328253332507,-14.476939042844936,matR,blue
8.07362121833556,-9.399845224078545,mda-6,blue
-10.979022758531107,-10.019668298010712,mdr49,blue
-9.742878519194942,-10.029196753230984,merlin/schwannomin,blue
9.91205184471063,-11.176783742291702,metadherin,blue
10.475241685003564,-11.190561546101748,miR-1258,blue
8.762695226627303,-10.47942350186012,miR-199a/b,blue
9.926587237815205,-11.892091862101674,miR-19a/b,blue
10.33496081572811,-11.516257111378245,miR-625-3p,blue
8.751908908027948,-11.304875117722236,miR-95,blue
8.82656008846123,-11.367426510954424,miRNA-218,blue
-9.252160631349867,-10.227242261422703,mitochondrion-encoded,blue
-11.156050617411797,5.004087653999999,mutations/deletions,blue
-11.140193280794291,5.31970675742076,myocilin,blue
9.012389487326802,-10.307155969735643,myopodin,blue
-10.933456403705842,6.349263137395615,myotilin,blue
-10.933456403705842,6.349263137395615,myotilin,blue
-11.706083848749232,-15.240987806401085,myrB,blue
-11.27248230858357,-14.175099323662884,nagR,blue
-11.498812762585864,-14.534782550607881,nd1,blue
-12.373064316108323,-14.234729646378877,ndhA,blue
-11.467283408660382,-14.483970407771999,ndhE,blue
-11.950615639095169,-14.392698490697528,ndhJ,blue
-10.295747763327881,-8.955961962797332,neuroendocrine-specific,blue
-12.118867417333979,-14.567943371651287,nifD-K,blue
7.971594639998598,-9.415554030133048,nm23-H4,blue
-11.642532636861713,-14.987370829580419,nodIJ,blue
9.69621795385358,-11.44033603809017,non-hypermethylator,blue
-9.36591669608081,-8.546775410890374,not-yet-identified,blue
-11.206006803271556,4.830273939483129,notch3,blue
-12.058793883816321,-14.222183026627368,oli1,blue
-12.002170393468731,-14.320167250143552,oli2,blue
-11.047750222217207,-9.022625019411262,oligophrenin-1,blue
-11.246711041489897,5.423448755232313,optineurin,blue
-12.017888119629836,-14.650982956406216,orf-2,blue
-12.208452246961345,-14.214422141831454,orfY,blue
-11.75352772111855,-14.213267285214881,oxi1,blue
8.753982766460503,-9.079295002458274,p105RB,blue
8.508961367366163,-7.406596828937768,p16INK4A/MTS1,blue
9.612539561278677,-10.11896282988909,p185ERBB2,blue
9.342977522969067,-10.17964270168245,p28/gankyrin,blue
8.75514538204383,-9.422189417752353,p33ING1,blue
9.36460507551706,-10.00100470109585,p33ING1b,blue
8.31896619714491,-9.289164769771148,p53R2,blue
-13.056985533307623,-14.65323482582552,pDR720,blue
-13.23443756827361,-14.406293939993834,pED208,blue
-13.147277427605705,-14.614525786998433,pGEMEX-1,blue
-11.522785476636084,-14.9060913767685,pcbAB-pcbC,blue
-11.482743617164806,-14.883944632492538,petG,blue
-11.56241869827981,-16.032700792045894,phcKLMNOP,blue
-11.15866126086874,-9.502610852510806,phosphomannosylation,blue
-12.0599037268171,-14.998583820335156,phtE,blue
-10.981953654232179,6.953269492793645,plakophilin-2,blue
-11.353273681492757,-14.536830389955538,plcD,blue
-9.701390704068109,7.832584803218666,polyneuropathy-associated,blue
-10.41910382657436,-8.777219534033742,prk,blue
10.413652941585472,-11.312473207274127,profiling-defined,blue
9.03020337197937,-10.20725934361897,prostein,blue
7.669312745927179,-9.360153306070146,protooncogen,blue
-11.432794338367374,-14.75518067686648,psbE/F,blue
-11.66682396144531,-14.441284537338628,psbG,blue
-12.0868722111183,-14.562607863278696,ptDNAs,blue
-9.641144522695726,-9.675630445673317,ptk,blue
-11.87388538137923,4.764387655954222,pyrin/marenostrin,blue
-10.1013278963818,-9.511073092204262,pyrokinin-1,blue
-9.383485995155038,-8.740866328001916,rap1GAP,blue
-11.544258396515067,-14.55582111753287,rbsC,blue
-11.908707137864138,-14.50619410738446,rdh,blue
-11.408554904864129,-14.563647755009695,repeat-encoding,blue
-11.486031611326451,-14.863704877497577,rfbX,blue
-13.146425457044376,-14.335329249955748,rffE,blue
-11.511352526735939,-14.77181037766682,rnpB,blue
-9.300826042950836,-9.918472262663801,rp59,blue
-11.035843277806036,-9.940430140279613,rpb7,blue
-12.230148549240113,-14.742536088001117,rpl14,blue
-12.272188947098165,-14.555155438802108,rpl20,blue
-11.30367940211391,-14.283524683297808,rpl3,blue
-12.08855846028303,-14.252797893369639,rpl32,blue
-12.077190241921983,-14.352035891244048,rpl5,blue
-11.721295391087036,-14.99767695681382,rpl8,blue
-11.276239291332987,-14.666546414549565,rplV,blue
-11.573930929910057,-14.467834003294849,rps1,blue
-12.235398871984838,-14.635926455175133,rps11,blue
-12.198817317929192,-14.259419891342143,rps14,blue
-11.888033600027788,-14.449134374729123,rps15,blue
-12.13504231140363,-14.624705722325421,rps18,blue
-11.84892499288232,-14.500769410177599,rps2,blue
-12.325618610308375,-14.561606029951719,rps8,blue
-11.314409589837405,-14.584480915762772,rpsU,blue
-10.698282310998543,7.822006853423857,rs16891982,blue
10.548963298284814,-10.287840054663576,sFRP1,blue
-9.756879785859262,-8.77561066135818,sRNA1,blue
-10.145054293339618,-8.538979699856565,schlank,blue
8.608640575147247,-7.249054145126065,sdi1,blue
-11.09259416351646,4.525222514867321,seipin,blue
-12.548659567652514,-14.451788708678404,self-splices,blue
-11.702710150757147,4.620405119223652,smn1,blue
-11.634775638971487,4.848224642740008,spastin,blue
-10.492672984464349,-9.740762666553998,spermatogenic-specific,blue
-12.07620900395215,-14.299300997506615,stbB,blue
8.107735947352442,-9.123483042944759,suppressor-1,blue
8.107735947352442,-9.123483042944759,suppressor-1,blue
9.109777172485034,-10.418972693887616,survivin-3B,blue
9.876052056434567,-10.219982850645593,synuclein-gamma,blue
-11.622105571595432,-15.082806878069105,tRNA(trp),blue
-11.745807330009342,-15.142449542996655,tRNA(tyr),blue
-12.237665921165942,-14.254074020310073,tRNA-encoding,blue
-10.447238946892492,6.932912218583411,titin-cap,blue
-12.036750685040877,-14.287640092370888,traX,blue
-11.291923848484302,-14.423466189631899,transferase-encoding,blue
8.29488902793491,-9.017276062155094,transgelin-2,blue
8.29488902793491,-9.017276062155094,transgelin-2,blue
-9.737940227055903,7.847144377504454,transthyretin,blue
-12.2168498645353,-14.546451898132833,trnA,blue
-12.408111347330651,-14.584027774451949,trnC,blue
-12.305242605613996,-14.452646058570659,trnD,blue
-12.335145551129711,-14.580458437855755,trnN,blue
-12.272809607178633,-14.587069669875959,trnQ,blue
-12.318895556568698,-14.516863870660382,trnR,blue
-12.876108483887636,-14.343396958997065,trnS1,blue
-12.337621773668863,-14.456588156849374,trnW,blue
-12.43876407018105,-14.269429554218561,trnY,blue
9.136913546350863,-10.325434605447997,trp-p8,blue
-11.295852060844059,-16.109936943545343,tsa417,blue
-11.687712314938747,-14.48873679694686,tubB,blue
8.780533894772045,-11.408914121862987,tubulin-beta-III,blue
-11.383554419818958,-15.926024556889974,ushA,blue
-11.975596392770111,-14.567246299952128,vap,blue
-11.54224626210674,-15.33403825029871,vapD,blue
-10.039167516919209,5.556785938807849,var321,blue
-10.46116916481204,-8.930746187509,zfAHR1,blue
-11.073568132963201,-9.001664739389284,zyme,blue
